paper,target_canonical,target_raw,type,self,executed,polarity,transitive,confidence,section,evidence,ref,doi_or_url
heterogeneous_defect_prediction,Cross-project defect prediction baselines (Zimmermann; Turhan),"CPDP-IFS (He, Li, Ma)",steppingstone,False,True,refutes,False,high,"3.2, 5.3, 6.1",We include CPDP-IFS proposed by He et al. as a baseline [46]. ... the approach by He et al. is not compared with WPDP ... the evaluation might be weak,"[46] P. He, B. Li, and Y. Ma, Towards cross-project defect prediction with imbalanced feature sets, CoRR abs/1411.4228, 2014",http://arxiv.org/abs/1411.4228
heterogeneous_defect_prediction,Cross-project defect prediction baselines (Zimmermann; Turhan),CPDP using common metrics / NN filter (Turhan et al.),steppingstone,True,True,refutes,False,high,5.3,"We conduct CPDP using only common metrics (CPDP-CM) between source and target datasets as in previous CPDP studies [12], [14], [46]","[14] Turhan, Menzies, Bener, Di Stefano, On the relative value of cross-company and within-company data for defect prediction, ESE, 2009",
heterogeneous_defect_prediction,Naive Bayes,Transfer Naive Bayes / common-metric CPDP (Ma et al.),steppingstone,False,True,refutes,False,medium,5.3,"Since using common metrics has been adopted to address the limitation on heterogeneous metric sets in previous CPDP studies [12], [14], [46], we set CPDP-CM as a baseline","[12] Y. Ma, G. Luo, X. Zeng, A. Chen, Transfer learning for cross-company software defect prediction, Inf. Softw. Technol. 54(3), 2012",
heterogeneous_defect_prediction,CCA+ heterogeneous transfer (Jing et al.),CCA+ heterogeneous cross-company defect prediction (Jing et al.),steppingstone,False,False,refutes,False,medium,"3.2, 7",the implementation of CCA+ is not publicly available yet and more complex than HDP ... CCA+ transforms original source and target datasets so that it is difficult to directly explain,"[47] Jing, Wu, Dong, Qi, Xu, Heterogeneous cross-company defect prediction by unified metric representation and cca-based transfer learning, FSE'15",http://doi.acm.org/10.1145/2786805.2786813
heterogeneous_defect_prediction,HDP (Nam & Kim),"HDP conference version (Nam & Kim, FSE 2015)",replication,True,True,supports,False,high,1.3,We extend the previous conference paper of the same name [16] in the following ways.,"[16] J. Nam and S. Kim, Heterogeneous defect prediction, ESEC/FSE 2015, pp. 508-519",http://doi.acm.org/10.1145/2786805.2786814
heterogeneous_defect_prediction,Kolmogorov-Smirnov test,Kolmogorov-Smirnov test (Massey),statmethod,False,True,supports,False,high,4.2.2,KSAnalyzer uses a p-value from the Kolmogorov-Smirnov Test (KS-test) as a matching score between source and target metrics.,"[55] F. J. Massey, The kolmogorov-smirnov test for goodness of fit, JASA 46(253), pp. 68-78, 1951",
heterogeneous_defect_prediction,KS-test applicability without normality (Lilliefors),KS-test applicability without normality (Lilliefors),statmethod,False,True,supports,False,medium,4.2.2,"The KS-test is a non-parametric two sample test that can be applicable when we cannot be sure about the normality of two samples and/or the same variance [55], [58].","[58] H. W. Lilliefors, On the kolmogorov-smirnov test for normality with mean and variance unknown, JASA 62(318), 1967",
heterogeneous_defect_prediction,Rank / linear correlation,Spearman rank correlation,statmethod,False,True,supports,False,high,4.2.3,"In SCoAnalyzer, we used the Spearman's rank correlation coefficient as a matching score for source and target metrics [56].","[56] C. Spearman, The proof and measurement of association between two things, Int. J. Epidemiology 39(5), 2010",
heterogeneous_defect_prediction,Cliff's delta effect size,Cliff's delta with Romano et al. magnitude thresholds,statmethod,False,True,supports,False,high,5.5,"we compute Cliff's delta that is a non-parametric effect size measure [73]. As Romano et al. suggested, we evaluate the magnitude of the effect size as follows: negligible (|d| < 0.147)","[73] J. Romano, J. D. Kromrey, J. Coraggio, J. Skowronek, Appropriate statistics for ordinal level data..., Florida Assoc. Inst. Research, 2006",
heterogeneous_defect_prediction,Wilcoxon / Mann-Whitney test,Wilcoxon signed-rank test,statmethod,False,True,supports,False,high,5.5,we conduct the Wilcoxon signed-rank test (p<0.05) for all AUC values in baselines and HDP [77].,"[77] F. Wilcoxon, Individual Comparisons by Ranking Methods, Biometrics Bulletin 1(6), pp. 80-83, 1945",
heterogeneous_defect_prediction,Win/tie/loss comparison (Demsar),"Win/Tie/Loss evaluation (Kocaguneli, Menzies et al.)",statmethod,True,True,supports,False,high,5.5,"we also use the Win/Tie/Loss evaluation, which is used for performance comparison between different experimental settings in many studies [74], [75], [76].","[74] E. Kocaguneli, T. Menzies, J. Keung, D. Cok, R. Madachy, Active learning and effort estimation..., IEEE TSE 39(8), 2013",
heterogeneous_defect_prediction,Win/tie/loss comparison (Demsar),Win/Tie/Loss evaluation (Li et al.),statmethod,False,True,supports,False,medium,5.5,"we also use the Win/Tie/Loss evaluation, which is used for performance comparison between different experimental settings in many studies [74], [75], [76].","[75] M. Li, H. Zhang, R. Wu, Z.-H. Zhou, Sample-based software defect prediction with active and semi-supervised learning, ASE 19(2), 2012",
heterogeneous_defect_prediction,Win/tie/loss comparison (Demsar),Win/Tie/Loss evaluation (Valentini & Dietterich),statmethod,False,True,supports,False,medium,5.5,"we also use the Win/Tie/Loss evaluation, which is used for performance comparison between different experimental settings in many studies [74], [75], [76].","[76] G. Valentini and T. G. Dietterich, Low bias bagged support vector machines, ICML 2003, pp. 752-759",
heterogeneous_defect_prediction,Train/test split protocol,Repeat randomized experiments guideline (Arcuri & Briand),methodology,False,True,supports,False,high,5.4,"We repeat these two rounds 500 times, i.e. 1000 tests, since there is a randomness in selecting instances for each split [68].","[68] A. Arcuri and L. Briand, A practical guide for using statistical tests to assess randomized algorithms in software engineering, ICSE 2011",
heterogeneous_defect_prediction,Feature subset selection (Hall & Holmes; Kohavi & John),Top-15% feature selection rule (Gao et al.),methodology,False,True,supports,False,high,4.1,"When applying feature selection approaches, we select top 15% of metrics as suggested by Gao et al. [50].","[50] Gao, Khoshgoftaar, Wang, Seliya, Choosing software metrics for defect prediction: An investigation on feature selection techniques, SPE 2011",http://dx.doi.org/10.1002/spe.1043
heterogeneous_defect_prediction,Feature subset selection (Hall & Holmes; Kohavi & John),"Feature selection for defect prediction (Shivaji, Whitehead, Akella, Kim)",methodology,True,True,supports,False,medium,4.1,"we used various feature selection approaches widely used in defect prediction such as gain ratio, chi-square, relief-F, and significance attribute evaluation [50], [51].","[51] S. Shivaji, E. J. Whitehead, R. Akella, S. Kim, Reducing features to improve code change-based bug prediction, IEEE TSE 39(4), 2013",
heterogeneous_defect_prediction,Maximum weighted bipartite matching,Maximum weighted bipartite matching,methodology,False,True,supports,False,high,4.2,"we used the maximum weighted bipartite matching [57] technique to select a group of matched metrics, whose sum of matching scores is highest, without duplicated metrics.","[57] J. Matousek and B. Gaertner, Understanding and Using Linear Programming (Universitext), Springer, 2006",
heterogeneous_defect_prediction,AUC as evaluation measure,"AUC as defect-prediction measure (Rahman, Posnett, Devanbu)",methodology,False,True,supports,False,high,5.5,"AUC is unaffected by class imbalance as well as being independent from the cutoff probability ... [13], [69], [70], [71] ... the AUC of 0.5 means the performance of a random predictor [13].","[13] F. Rahman, D. Posnett, P. Devanbu, Recalling the imprecision of cross-project defect prediction, FSE 2012",
heterogeneous_defect_prediction,AUC as evaluation measure,AUC as benchmark measure (Lessmann et al.),methodology,False,True,supports,False,medium,5.5,The AUC is known as a useful measure for comparing different models and is widely used because AUC is unaffected by class imbalance,"[70] S. Lessmann, B. Baesens, C. Mues, S. Pietsch, Benchmarking classification models for software defect prediction, IEEE TSE 34(4), 2008",
heterogeneous_defect_prediction,Cutoff-dependence problem in defect prediction comparisons (Mende),Cutoff-dependence problem in defect prediction comparisons (Mende),sanitycheck,False,False,supports,False,medium,5.5,Mende confirmed that it is difficult to compare the defect prediction performance reported in the defect prediction literature since prediction results come from the different cutoffs,"[72] T. Mende, Replication of defect prediction studies: Problems, pitfalls and recommendations, PROMISE 2010",
heterogeneous_defect_prediction,TCA+ (Nam et al.),"50:50 random split protocol (TCA+, Nam et al.)",methodology,True,True,supports,False,high,5.4,"We use 50:50 random splits, which are widely used in the evaluation of defect prediction models [8], [66], [67].","[8] J. Nam, S. J. Pan, S. Kim, Transfer defect learning, ICSE 2013, pp. 382-391",
heterogeneous_defect_prediction,Train/test split protocol,50:50 random split protocol (Pinzger et al.),methodology,False,True,supports,False,medium,5.4,"We use 50:50 random splits, which are widely used in the evaluation of defect prediction models [8], [66], [67].","[67] M. Pinzger, N. Nagappan, B. Murphy, Can developer-module networks predict failures? FSE 2008, pp. 2-12",
heterogeneous_defect_prediction,AEEEM defect data (D Ambros et al.),AEEEM defect datasets (D'Ambros et al.),dataset,False,True,supports,False,high,"5.1, Table 1",AEEEM was used to benchmark different defect prediction models [1] ... Each AEEEM dataset consists of 61 metrics,"[1] M. D'Ambros, M. Lanza, R. Robbes, Evaluating defect prediction approaches: a benchmark and an extensive comparison, ESE 17(4-5), 2012",
heterogeneous_defect_prediction,ReLink defect data (Wu et al.),"ReLink defect datasets (Wu, Zhang, Kim, Cheung)",dataset,True,True,supports,False,high,"5.1, Table 1",Datasets in ReLink were used by Wu et al. [59] to improve the defect prediction performance by increasing the quality of the defect data and have 26 code complexity metrics,"[59] R. Wu, H. Zhang, S. Kim, S. Cheung, Relink: Recovering links between bugs and changes, FSE 2011",
heterogeneous_defect_prediction,MORPH defect data (Peters & Menzies),MORPH defect datasets (Peters & Menzies),dataset,True,True,supports,False,high,"5.1, Table 1",The MORPH group contains defect datasets of several open source projects used in the study about the dataset privacy issue for defect prediction [60].,"[60] F. Peters and T. Menzies, Privacy and utility for defect prediction: experiments with morph, ICSE 2012, pp. 189-199",
heterogeneous_defect_prediction,PROMISE repository (NASA defect data),NASA defect datasets via PROMISE repository,dataset,True,True,supports,True,high,"5.1, Table 1","We used five NASA datasets, which share the same metric set in the PROMISE repository [15], [61].","[15] T. Menzies, B. Caglayan, Z. He, E. Kocaguneli, J. Krall, F. Peters, B. Turhan, The promise repository of empirical SE data, 2012",http://promisedata.googlecode.com
heterogeneous_defect_prediction,"PROMISE / SEACRAFT repository (NASA, SOFTLAB, Jureczko)",Cleaned NASA datasets DS0 (Shepperd et al.),dataset,False,True,supports,False,high,5.1,We used cleaned NASA datasets (DS0 version) [61].,"[61] M. Shepperd, Q. Song, Z. Sun, C. Mair, Data quality: Some comments on the nasa software defect datasets, IEEE TSE 39(9), 2013",
heterogeneous_defect_prediction,"PROMISE / SEACRAFT repository (NASA, SOFTLAB, Jureczko)",SOFTLAB (Turkish company) datasets via PROMISE,dataset,True,True,supports,True,high,"5.1, Table 1","For the SOFTLAB group, we used all SOFTLAB datasets in the PROMISE repository [15].","[14] Turhan, Menzies, Bener, Di Stefano, On the relative value of cross-company and within-company data for defect prediction, ESE, 2009",
heterogeneous_defect_prediction,Weka,Weka (Logistic Regression and other learners),software,False,True,supports,False,high,5.4,We use Logistic Regression implemented in Weka with default options [65].,"[65] M. Hall, E. Frank, G. Holmes, B. Pfahringer, P. Reutemann, I. H. Witten, The weka data mining software: an update, SIGKDD Explor. 11, 2009",
heterogeneous_defect_prediction,Kolmogorov-Smirnov test,"Apache commons math (KolmogorovSmirnovTest, SpearmansCorrelation)",software,False,True,supports,False,high,"4.2.2, 4.2.3",We used the KolmogorovSmirnovTest implemented in the Apache commons math library.,no reference entry; named in text as 'the Apache commons math library',
heterogeneous_defect_prediction,Understand static analysis tool (SciTools),Understand static analysis tool (SciTools),software,False,False,neutral,True,low,5.1,have 26 code complexity metrics extracted by the Understand tool [62].,"[62] Understand 2.0, http://www.scitools.com/products/",http://www.scitools.com/products/
heterogeneous_defect_prediction,Logistic regression,Events-per-variable = 10 rule for logistic regression (Peduzzi et al.),numericfact,False,True,supports,False,high,7.2,Peduzzi et al. [84] report 10 events per variable (EPV) are enough to maximize the predictive performance of Logistic Regression ... we picked 2 x 10 = 20 randomly selected defective data,"[84] Peduzzi, Concato, Kemper, Holford, Feinstein, A simulation study of the number of events per variable in logistic regression, J Clin Epidemiol...",
heterogeneous_defect_prediction,Events-per-variable rule (Peduzzi),EPV analysis re-run on defect data (Peduzzi et al.),replication,False,True,supports,False,high,8.3,"For our defect datasets, in Figure 7, we repeated the analysis of [84] and found that ... there was little improvement after 100 examples with EPV = 10","[84] Peduzzi, Concato, Kemper, Holford, Feinstein, A simulation study of the number of events per variable in logistic regression, J Clin Epidemiol...",
heterogeneous_defect_prediction,Probability of missing a signal after n trials (Voas & Miller),Probability of missing a signal after n trials (Voas & Miller),theory,False,True,supports,False,high,8.1.3,"According to Voas and Miller [89], if we see something at probability e, then we will miss it at probability 1 - e. After n attempts, the probability of missing it is (1 - e)^n","[89] J. M. Voas and K. W. Miller, Software testability: The new verification, IEEE Software, no. 3, pp. 17-28, 1995",
heterogeneous_defect_prediction,Discretization policy in SE data mining (Menzies; Lustgarten et al.),Discretization policy in SE data mining (Menzies; Lustgarten et al.),methodology,True,True,supports,False,medium,8.1.3,it is common in data mining for SE [87] to divide dimensions accroding to some descritization policy [88]. Discretization converts a numeric variable with infinite range into a smaller number of b bins.,"[87] Menzies, Data Mining, in Recommendation Systems in SE, 2014; [88] Lustgarten et al., Improving classification performance with discretization...",
heterogeneous_defect_prediction,Median-chop / two-bin defect predictors (Zhang et al. universal model; Nam & Kim CLAMI),Median-chop / two-bin defect predictors (Zhang et al. universal model; Nam & Kim CLAMI),numericfact,True,False,supports,False,high,8.1.2,"Recent results [45], [85] show that, for defect data, good predictors can be built via a median chop of numeric project data; they are divided into b = 2 bins","[85] Nam and Kim, Clami: Defect prediction on unlabeled datasets, ASE 2015; [45] Zhang et al., Towards building a universal defect prediction model...",http://doi.acm.org/10.1145/2597073.2597078
heterogeneous_defect_prediction,Menzies 2007 defect-prediction protocol,"Few dimensions needed for defect data (Menzies, Greenwald, Frank 2007)",numericfact,True,False,supports,False,high,"8.1.2, 8.1.4","When applied to defect data [2], we found that those datasets may only need d in {2, 3} dimensions. ... good predictors can be built using d <= 7 of those dimensions [2]","[2] T. Menzies, J. Greenwald, A. Frank, Data mining static code attributes to learn defect predictors, IEEE TSE 33, pp. 2-13, 2007",
heterogeneous_defect_prediction,Correlated attributes in defect data (Shepperd & Ince),Correlated attributes in defect data (Shepperd & Ince),numericfact,False,False,supports,False,medium,8.1.2,"Other results [86] show that defect prediction data containing dozens of attributes, many of which are correlated attributes.","[86] M. Shepperd and D. C. Ince, A Critique of Three Metrics, J. Systems and Software 26(3), pp. 197-210, 1994",
heterogeneous_defect_prediction,Feature subset selection (Hall & Holmes; Kohavi & John),Feature subset selection benchmark (Hall & Holmes),sanitycheck,False,False,supports,False,medium,"4.1, 8.1.2","According to benchmark studies about various feature selection approaches, a single best feature selection approach for all prediction models does not exist [52], [53], [54].","[53] M. Hall and G. Holmes, Benchmarking attribute selection techniques for discrete class data mining, IEEE TKDE 15(6), 2003",
heterogeneous_defect_prediction,Cross-project defect prediction baselines (Zimmermann; Turhan),Common-metric CPDP f-measure 0.35 vs WPDP 0.39 (Turhan et al.),numericfact,True,False,supports,False,high,1,the CPDP approach proposed by Turhan et al. did not outperform WPDP in terms of the average f-measure (0.35 vs. 0.39) [14].,"[14] Turhan, Menzies, Bener, Di Stefano, On the relative value of cross-company and within-company data for defect prediction, ESE, 2009",
heterogeneous_defect_prediction,"PROMISE / SEACRAFT repository (NASA, SOFTLAB, Jureczko)",Only 18% of PROMISE defect datasets share a metric set,numericfact,True,False,supports,False,medium,3.1,at most 18% of defect datasets in the PROMISE repository have the same metric set [15].,"[15] T. Menzies, B. Caglayan, Z. He, E. Kocaguneli, J. Krall, F. Peters, B. Turhan, The promise repository of empirical SE data, 2012",http://promisedata.googlecode.com
heterogeneous_defect_prediction,Static bug finders vs statistical models (Rahman et al.),Static bug finders vs statistical prediction: no significant difference (Rahman et al. ICSE'14),numericfact,False,False,supports,False,medium,2.2,They found no significant differences in the cost-effectiveness of these approaches.,"[36] F. Rahman, S. Khatri, E. Barr, P. Devanbu, Comparing static bug finders and statistical prediction, ICSE 2014, pp. 424-434",http://doi.acm.org/10.1145/2568225.2568269
heterogeneous_defect_prediction,Menzies 2007 defect-prediction protocol,"Defect predictors find 70% or more of defects (Menzies, Greenwald, Frank)",numericfact,True,False,supports,False,medium,2.2,Defect predictors often find the location of 70% (or more) of the defects in code [31].,"[31] T. Menzies, J. Greenwald, A. Frank, Data mining static code attributes to learn defect predictors, IEEE TSE 33(1), 2007",http://menzies.us/pdf/06learnPredict.pdf
heterogeneous_defect_prediction,Manual reviews find about 60% of defects (IEEE Metrics 2002 panel),Manual reviews find about 60% of defects (IEEE Metrics 2002 panel),numericfact,False,False,supports,False,medium,2.2,a panel at IEEE Metrics 2002 [34] concluded that manual software reviews can find about 60% of defects.,"[34] F. Shull, V. Basili, B. Boehm, et al., What we have learned about fighting defects, 8th Int. Software Metrics Symposium, 2002, pp. 249-258",
heterogeneous_defect_prediction,Inspection defect detection 50% (Fagan) to 21% (Raffo),Inspection defect detection 50% (Fagan) to 21% (Raffo),numericfact,False,False,supports,False,low,2.2,Raffo documents the typical defect detection capability of industrial review methods: around 50% for full Fagan inspections [35] to 21% for less-structured inspections.,"[35] M. Fagan, Design and code inspections to reduce errors in program development, IBM Systems Journal 15(3), 1976",
heterogeneous_defect_prediction,"Review rate 8-20 LOC/minute (Menzies, Raffo et al.)","Review rate 8-20 LOC/minute (Menzies, Raffo et al.)",numericfact,True,False,supports,False,medium,2.2,"depending on the review methods, 8 to 20 LOC/minute can be inspected and this effort repeats for all members of the review team, which can be as large as four or six people [28].","[28] T. Menzies, D. Raffo, S. Setamanit, Y. Hu, S. Tootoonian, Model-based tests of truisms, ASE 2002",http://menzies.us/pdf/02truisms.pdf
heterogeneous_defect_prediction,Jureczko Apache CK-metric defect data,CK metrics / RFC definition (Chidamber & Kemerer),methodology,False,False,supports,False,medium,6.3,the matched metrics in ant-1.3=>ar5 are the response for class (RFC: number of methods invoked by a class) [80] and the number of unique operands (unique operands) [4],"[80] S. R. Chidamber and C. F. Kemerer, A metrics suite for object oriented design, IEEE TSE 20, pp. 476-493, 1994",
heterogeneous_defect_prediction,Halstead metrics (unique operands),Halstead metrics (unique operands),methodology,False,False,supports,False,low,"5.1, 6.3",The metrics used in both NASA and SOFTLAB groups are Halstead and McCabe's cyclomatic metrics,"[4] M. H. Halstead, Elements of Software Science, Elsevier, 1977",
heterogeneous_defect_prediction,Significance level 0.05 convention (Corder & Foreman),Significance level 0.05 convention (Corder & Foreman),sanitycheck,False,False,supports,False,medium,6,we chose a cutoff of 0.05 which is a commonly accepted significance level in the statistical test [78].,"[78] G. W. Corder and D. I. Foreman, Nonparametric Statistics for Non-Statisticians: A Step-by-Step Approach, Wiley, 2009",
heterogeneous_defect_prediction,Dataset shift in SE prediction (Turhan),Dataset shift in SE prediction (Turhan),sanitycheck,False,False,supports,False,medium,6.3,HDP also addresses several issues related to a dataset shift such as the covariate shift and domain shift discussed by Turhan [81].,"[81] B. Turhan, On the dataset shift problem in software engineering prediction models, ESE 17(1-2), pp. 62-74, 2012",http://dx.doi.org/10.1007/s10664-011-9182-8
heterogeneous_defect_prediction,"Two-phase recommendation model (Kim, Tao, Kim, Zeller)","Two-phase recommendation model (Kim, Tao, Kim, Zeller)",sanitycheck,True,False,supports,False,medium,6.2,"our HDP approach follows a similar concept to the two-phase prediction model [79]: (1) checking prediction feasibility between source and target datasets, and (2) predicting defects.","[79] D. Kim, Y. Tao, S. Kim, A. Zeller, Where should we fix this bug? a two-phase recommendation model, IEEE TSE 39(11), 2013",
heterogeneous_defect_prediction,Logistic regression,"Logistic regression logit linearity explanation (Bruin, UCLA)",sanitycheck,False,False,supports,False,low,6.6,The Logistic Regression models works well when there is a linear relationship between a predictor variable (a metric) and the logit transformation of the outcome variable [83].,"[83] J. Bruin. (2011, Feb.) newtest: command to compute new test, http://www.ats.ucla.edu/stat/stata/ado/analysis/",http://www.ats.ucla.edu/stat/stata/ado/analysis/
heterogeneous_defect_prediction,"Learners used in defect prediction literature (Ghotra, McIntosh, Hassan)","Learners used in defect prediction literature (Ghotra, McIntosh, Hassan)",sanitycheck,False,True,supports,False,medium,6.6,"we built HDP models ... with various learners used in defect prediction literature such as Random Forest, BayesNet, SVM, J48 Decision Tree, Simple Logistic, and Logistic Model Trees (LMT) [1], [7], [8], [70], [71], [82].","[82] Ghotra, McIntosh, Hassan, Revisiting the impact of classification techniques on the performance of defect prediction models, ICSE 2015",
heterogeneous_defect_prediction,Cross-project defect prediction baselines (Zimmermann; Turhan),"Simplified metric set CPDP (He, Li, Liu, Chen, Ma)",sanitycheck,False,False,supports,False,medium,6.4,"this result confirms the previous studies that we can build prediction models better than or comparable to WPDP models with even a few key metrics [44], [50].","[44] P. He, B. Li, X. Liu, J. Chen, Y. Ma, An empirical study on software defect prediction with a simplified metric set, IST 59, pp. 170-190, 2015",
what_is_wrong_with_topic_modeling_and_ho,LDA topic modeling (Blei et al.),LDA-GA (Panichella et al.),steppingstone,False,True,refutes,False,high,5.8 RQ8,We ran LDA-GA with their same settings but on our datasets and report the delta of Rn of LDADE against Rn of LDA-GA.,"[4] A. Panichella, B. Dit, R. Oliveto, M. Di Penta, D. Poshyvanyk, A. De Lucia, How to effectively use topic models for SE tasks? ... ICSE 2013",
what_is_wrong_with_topic_modeling_and_ho,Random search baseline (Bergstra & Bengio; Arcuri & Briand),Random search (Bergstra & Bengio),steppingstone,False,True,refutes,False,low,5.8 RQ8,we performed the comparison of LDADE against random search procedure. We performed random search with 30 evaluations,"[31] J. Bergstra, Y. Bengio, Random search for hyper-parameter optimization, JMLR 13 (2012) 281-305",
what_is_wrong_with_topic_modeling_and_ho,Barua et al. Stackoverflow topics study,Barua et al. Stackoverflow topics study,replication,False,True,refutes,False,high,2.2,Barua et al. [7] analysed the topics and trends in Stackoverflow in which they reported the top 40 topics found at Stackoverflow. Table 3 shows our attempt to reproduce their results.,"[7] A. Barua, S. W. Thomas, A. E. Hassan, What are developers talking about? an analysis of topics and trends in stack overflow, ESE 19(3) 2014",
what_is_wrong_with_topic_modeling_and_ho,LDA topic modeling (Blei et al.),LDA (Blei et al.),software,False,True,refutes,False,high,Abstract / 4.3,standard LDA exhibits very large topic instability; (ii) LDADE's tunings dramatically reduce cluster instability,"[2] D. M. Blei, A. Y. Ng, M. I. Jordan, Latent dirichlet allocation, JMLR 3 (2003) 993-1022",
what_is_wrong_with_topic_modeling_and_ho,SVM,SVM on LDA document-topic features (Blei et al.),methodology,False,True,supports,False,high,5 / 5.3 RQ3,we trained a Linear Kernel SVM classifier using document topic distributions as features just like used by Blei et al [2].,"[2] D. M. Blei, A. Y. Ng, M. I. Jordan, Latent dirichlet allocation, JMLR 3 (2003) 993-1022",
what_is_wrong_with_topic_modeling_and_ho,"Classic search heuristics (GA, HC, Tabu, DE, ES, PSO, ILS, ...)",Differential Evolution (Storn & Price),methodology,False,True,supports,False,high,1 / 4.3,"LDADE: a combination of LDA and a search-based optimizer (differential evolution, or DE) [3]) that automatically tunes LDA's < k, alpha, beta > parameters.","[3] R. Storn, K. Price, Differential evolution-a simple and efficient heuristic for global optimization over continuous spaces, J. Global Optim. 11(4) 1997",
what_is_wrong_with_topic_modeling_and_ho,Differential evolution (Storn & Price),DE population-size rule np = 10x parameters (Storn & Price),numericfact,False,True,refutes,False,medium,5.6 RQ6,The DE literature recommends using a population size np that is ten times larger than the number of parameters being optimized [3]. ... there is not much of an improvement,"[3] R. Storn, K. Price, Differential evolution-a simple and efficient heuristic for global optimization over continuous spaces, J. Global Optim. 11(4) 1997",
what_is_wrong_with_topic_modeling_and_ho,Lukins et al. top-10-words reporting advice,Lukins et al. top-10-words reporting advice,methodology,False,False,refutes,False,high,5.1 RQ1 / 7 Conclusion,"Unlike the advise of Lukins et al. [76], LDA topics should not be reported as the top ten words. Due to order effects, such a report can be highly incorrect.","[76] S. K. Lukins, N. A. Kraft, L. H. Etzkorn, Bug localization using latent dirichlet allocation, IST 52(9) 2010 972-990",
what_is_wrong_with_topic_modeling_and_ho,Garousi & Mantyla k=67 recommendation,Garousi & Mantyla k=67 recommendation,numericfact,False,False,refutes,False,high,5.4 RQ4,"Garousi et al. [23] recommend using k = 67 topics yet in our data sets, best results were seen using k <= 24.","[23] V. Garousi, M. V. Mantyla, Citations, research topics and active countries in software engineering: A bibliometrics study, Computer Science Review 19 (2016)",
what_is_wrong_with_topic_modeling_and_ho,Gibbs-is-stabler claim (Layman et al.),Gibbs-is-stabler claim (Layman et al.),sanitycheck,True,True,refutes,False,medium,4.3 / 5.5 RQ5,"Topic modeling researchers in SE have argued that Gibbs leads to stabler models [71, 72] (a claim which we test, below).","[72] L. Layman, A. P. Nikora, J. Meek, T. Menzies, Topic modeling of nasa space system problem reports: research in practice, MSR 2016; [71] Layman personal comm.",
what_is_wrong_with_topic_modeling_and_ho,PITS NASA issue reports (Menzies & Marcus),PITS NASA issue reports (Menzies & Marcus),dataset,True,True,neutral,True,high,4.1,"PITS is a text mining data set generated from NASA software project and issue tracking system (PITS) reports [42, 43]. ... The dataset can be downloaded from the PROMISE repository [44].","[43] T. Menzies, A. Marcus, Automated severity assessment of software defect reports, ICSM 2008 346-355; [42] Menzies, Text mining PITS issue reports-final report",
what_is_wrong_with_topic_modeling_and_ho,PROMISE repository (NASA defect data),PROMISE repository,dataset,True,True,neutral,False,high,4.1,"The dataset can be downloaded from the PROMISE repository [44]. Note that, this data comes from six different NASA projects, which we label as PitsA, PitsB, etc.","[44] T. Menzies, R. Krishna, D. Pryor, The Promise Repository of Empirical Software Engineering Data, http://openscience.us/repo (2015)",http://openscience.us/repo
what_is_wrong_with_topic_modeling_and_ho,Stackoverflow data dump (2016),Stackoverflow data dump (2016),dataset,False,True,neutral,False,high,4.1,Stackoverflow is the flagship site of the Stack Exchange Network ... This data can be downloaded online2.,"footnote 2: http://tiny.cc/SOProcess (Stack Exchange dump, 7 GB)",http://tiny.cc/SOProcess
what_is_wrong_with_topic_modeling_and_ho,Citemap SE-conference corpus (Vasilescu et al.),Citemap SE-conference corpus (Vasilescu et al.),dataset,False,True,neutral,False,high,4.1,Most of this data was obtained in the form of an SQL dump from the work of Vasilescu et al. [47] and some are collected by Mathew et al [48].,"[47] B. Vasilescu, A. Serebrenik, T. Mens, A historical dataset of software engineering conferences, MSR 2013 373-376",https://github.com/ai-se/Pits_lda/blob/master/dataset/citemap.csv
what_is_wrong_with_topic_modeling_and_ho,Config-tuning and analytics data (Fu; Jamshidi; Guo; Ha; Weber; Krishna),Citemap additions (Mathew et al.),dataset,True,True,neutral,False,high,4.1,Most of this data was obtained in the form of an SQL dump from the work of Vasilescu et al. [47] and some are collected by Mathew et al [48].,"[48] G. Mathew, A. Agrawal, T. Menzies, Trends in topics at se conferences (1993-2013), ICSE Companion 2017 397-398",
what_is_wrong_with_topic_modeling_and_ho,Config-tuning and analytics data (Fu; Jamshidi; Guo; Ha; Weber; Krishna),StackExchange relevance-labelled datasets (Krishna et al.),dataset,True,True,neutral,False,high,5.3 RQ3,We studied some other StackExchange websites data dump for classification results which were generated by Krishna et al [77].,"[77] R. Krishna, Z. Yu, A. Agrawal, M. Dominguez, D. Wolf, The bigse project: lessons learned from validating industrial text mining, BIGDSE 2016 65-71",
what_is_wrong_with_topic_modeling_and_ho,scikit-learn,Scikit-learn,software,False,True,neutral,False,high,4.1 / 5,PITS and Citemap is small enough to process on a single (four core) desktop machine using Scikit-Learn [53] and Python,"[53] F. Pedregosa et al., Scikit-learn: Machine learning in python, JMLR 12 (2011) 2825-2830",
what_is_wrong_with_topic_modeling_and_ho,Spark MLlib,Spark MLlib,software,False,True,neutral,False,high,5,any results from the larger data (Stackoverflow) comes from a Scala implementation based on Mllib [75] running on a 45 node Spark system,"[75] X. Meng, J. Bradley, B. Yuvaz, et al., Mllib: Machine learning in apache spark, JMLR 17(34) (2016) 1-7",
what_is_wrong_with_topic_modeling_and_ho,NLTK,NLTK,software,False,True,neutral,False,high,4.1,"Stop words removal using NLTK toolkit4 [51] : ignore very common short words such as ""and"" or ""the"".","[51] S. Bird, Nltk: the natural language toolkit, COLING/ACL Interactive presentation sessions, 2006, 69-72",http://www.nltk.org/book/ch02.html
what_is_wrong_with_topic_modeling_and_ho,Porter stemmer,Porter stemmer,software,False,True,neutral,False,high,4.1,Porter's stemming filter [52]: delete uninformative word endings,"[52] M. Porter, The Porter Stemming Algorithm (1980). URL http://tartarus.org/martin/PorterStemmer/",http://tartarus.org/martin/PorterStemmer/
what_is_wrong_with_topic_modeling_and_ho,"Text mining preprocessing filters (Feldman, Text Mining Handbook)","Text mining preprocessing filters (Feldman, Text Mining Handbook)",methodology,False,True,neutral,False,medium,4.1,all datasets were preprocessed using the usual text mining filters [50]: Stop words removal ... Porter's stemming ... Tf-idf feature selection,"[50] R.-S. Feldman, J, The Text Mining Handbook, New York: Cambridge University Press, 2006",
what_is_wrong_with_topic_modeling_and_ho,Jaccard topic similarity (Galvis Carreno & Winbladh; O'Callaghan et al.),Jaccard topic similarity (Galvis Carreno & Winbladh; O'Callaghan et al.),methodology,False,True,neutral,False,medium,4.2,"There is well known measure, called Jaccard Similarity [8, 54], for measuring similarity. But we modified the measure to do a cross-run similarity of topics.","[8] L. V. Galvis Carreno, K. Winbladh, Analysis of user comments, ICSE 2013; [54] D. OCallaghan et al., An analysis of the coherence of descriptors in topic modeling, ESWA 42(13) 2015",
what_is_wrong_with_topic_modeling_and_ho,Perplexity instability caution (Zhao et al.),Perplexity instability caution (Zhao et al.),sanitycheck,False,False,supports,False,medium,4.2,Researchers caution that the value of perplexity does not remain constant with different topic and corpus sizes [55]. ... we are not using perplexity as evaluation measure.,"[55] W. Zhao, J. J. Chen, R. Perkins, et al., A heuristic approach to determine an appropriate number of topics in topic modeling, BMC bioinformatics 16(13) 2015",
what_is_wrong_with_topic_modeling_and_ho,Miller's 7 +/- 2,Miller's 7 +/- 2,numericfact,False,False,supports,False,high,4.2,we use 9 as our maximum size since the cognitive science literature tells us that 7 +/- 2 is a useful upper size for artifacts to be browsed by humans [56],"[56] G. A. Miller, The magical number seven, plus or minus two, Psychological review 63(2) (1956) 81",
what_is_wrong_with_topic_modeling_and_ho,"Order effects definition (Gennari, Langley, Fisher)","Order effects definition (Gennari, Langley, Fisher)",methodology,False,False,supports,False,high,3.2,Langley [29] defines such effects as follows: A learner L exhibits an order effect on a training set T if there exist two or more orders of T for which L produces different knowledge structures.,"[29] J. H. Gennari, P. Langley, D. Fisher, Models of incremental concept formation, Artificial intelligence 40(1-3) (1989) 11-61",
what_is_wrong_with_topic_modeling_and_ho,LDA topic modeling (Blei et al.),"LDA parameter set k, b, si (Binkley et al.)",methodology,False,False,supports,False,medium,3.1,"Binkley et al. [17] performed an extensive study and found that apart from alpha and beta, the other parameters that define LDA are: k ... b ... si","[17] D. Binkley, D. Heinz, D. Lawrie, J. Overfelt, Understanding lda in source code analysis, ICPC 2014 26-36",
what_is_wrong_with_topic_modeling_and_ho,VEM inference (Minka & Lafferty),VEM inference (Minka & Lafferty),methodology,False,True,neutral,False,medium,4.3 / 5.5 RQ5,VEM is the deterministic variational EM method that computes alpha and beta via expectation maximization [68] ... We manually run these other inference techniques,"[68] T. Minka, J. Lafferty, Expectation-propagation for the generative aspect model, UAI 2002 352-359",
what_is_wrong_with_topic_modeling_and_ho,LDA topic modeling (Blei et al.),Gibbs sampling for LDA (Griffiths & Steyvers; Wei & Croft),methodology,False,True,neutral,False,medium,4.3 / 5.5 RQ5,"Gibbs sampling [69, 70] is a Markov Chain Monte Carlo algorithm ... Figure 14 compares the VEM vs Gibbs sampling","[70] T. L. Griffiths, M. Steyvers, Finding scientific topics, PNAS 101 (2004) 5228-5235; [69] X. Wei, W. B. Croft, Lda-based document models for ad-hoc retrieval, SIGIR 2006",
what_is_wrong_with_topic_modeling_and_ho,Scott-Knott ranking,Scott-Knott (Jelihovschi et al.),statmethod,False,True,supports,False,high,5.3 RQ3,we ran the Scott-Knot [79] procedure for statistical differences using the A12 effect size [80] test and bootstrapping [81] test,"[79] E. G. Jelihovschi, J. C. Faria, I. B. Allaman, Scottknott: a package for performing the scott-knott clustering algorithm in r, TEMA 15(1) (2014) 3-17",
what_is_wrong_with_topic_modeling_and_ho,A12 effect size (Vargha & Delaney; Arcuri & Briand),A12 effect size (Vargha & Delaney),statmethod,False,True,supports,False,high,5.3 RQ3,"using the A12 effect size [80] test ... not a ""small"" effect (A12 >= 0.6)","[80] A. Vargha, H. D. Delaney, A critique and improvement of the cl common language effect size statistics of mcgraw and wong, JEBS 25(2) (2000) 101-132",
what_is_wrong_with_topic_modeling_and_ho,Bootstrap significance test (Efron),Bootstrap (Efron & Tibshirani),statmethod,False,True,supports,False,high,5.3 RQ3,and bootstrapping [81] test which agreed that the division between tuned and untuned results were statistically significant (99% confidence),"[81] B. Efron, R. J. Tibshirani, An introduction to the bootstrap, CRC press, 1994",
what_is_wrong_with_topic_modeling_and_ho,F-beta / F2 score (Powers),F-beta / F2 score (Powers),methodology,False,True,neutral,False,high,2.3 / 5.3 RQ3,Y-axis represents F2 score (from Equation 1) which weights recall higher than precision [78].,"[78] D. M. Powers, Evaluation: from precision, recall and f-measure to roc, informedness, markedness and correlation.",
what_is_wrong_with_topic_modeling_and_ho,Tuning survey and DE for defect prediction (Fu et al.),Tuning survey and DE for defect prediction (Fu et al.),sanitycheck,True,False,supports,False,high,3.3 / 4.3,"we use DE for two reasons. Firstly, it has been proven useful in prior SE tuning studies [32].","[32] W. Fu, T. Menzies, X. Shen, Tuning for software analytics: Is it really necessary?, IST 76 (2016) 135-146",
what_is_wrong_with_topic_modeling_and_ho,DE vs PSO/GA comparison (Vesterstrom & Thomsen),DE vs PSO/GA comparison (Vesterstrom & Thomsen),sanitycheck,False,False,supports,False,medium,4.3,Vesterstrom et al. [67] showed DE to be competitive with particle swarm optimization and other GAs.,"[67] J. Vesterstrom, R. Thomsen, A comparative study of differential evolution, particle swarm optimization, and evolutionary algorithms on numerical benchmark problems, CEC 2004",
what_is_wrong_with_topic_modeling_and_ho,DE vector-level mutation (Das & Suganthan),DE vector-level mutation (Das & Suganthan),sanitycheck,False,False,supports,False,medium,5.8 RQ8,But DE supports vector-level mutation that retain the association between variables in the space [86].,"[86] S. Das, P. N. Suganthan, Differential evolution: A survey of the state-of-the-art, IEEE TEVC 15(1) (2011) 4-31",
what_is_wrong_with_topic_modeling_and_ho,VEM local optimum explanation (Asuncion et al.),VEM local optimum explanation (Asuncion et al.),sanitycheck,False,False,supports,False,medium,5.5 RQ5,VEM only gets to a local optimum that depends on initialization and other factors in the optimization problem [82].,"[82] A. Asuncion, M. Welling, P. Smyth, Y. W. Teh, On smoothing and inference for topic models, UAI 2009 27-34",
what_is_wrong_with_topic_modeling_and_ho,15 CPU-years for clone-detector tuning (Wang et al.),15 CPU-years for clone-detector tuning (Wang et al.),numericfact,False,False,neutral,False,high,5.7 RQ7,Wang et al. [83] once needed 15 years of CPU time to find and verify the tunings required for software clone detectors.,"[83] T. Wang, M. Harman, Y. Jia, J. Krinke, Searching for better configurations: a rigorous approach to clone evaluation, ESEC/FSE 2013 455-465",
what_is_wrong_with_topic_modeling_and_ho,SPL feature models / SWAY (Sayyad; Chen),10^6 evaluations for product lines (Sayyad et al.),numericfact,True,False,neutral,False,high,5.7 RQ7,Sayyad et al. [84] routinely used 10^6 evaluations (or more) of their models in order to extract products from highly constrained product lines.,"[84] A. S. Sayyad, J. Ingram, T. Menzies, H. Ammar, Scalable product line configuration: A straw to break the camel's back, ASE 2013 465-474",
what_is_wrong_with_topic_modeling_and_ho,Easy over hard / faster analytics (Fu & Menzies),Easy over hard / faster analytics (Fu & Menzies),sanitycheck,True,False,supports,False,medium,5.8 RQ8,"Fu et al. [85] argues for faster software analytics, saying that the saved CPU time could be put to better uses.","[85] W. Fu, T. Menzies, Easy over hard: A case study on deep learning, arXiv preprint arXiv:1703.00133",arXiv:1703.00133
what_is_wrong_with_topic_modeling_and_ho,1600 Exabytes unstructured data (IDC),1600 Exabytes unstructured data (IDC),numericfact,False,False,neutral,False,medium,1,"most of the planet's 1600 Exabytes of data does not appear in structured sources (databases, etc) [1].","[1] A. Nadkarni, N. Yezhkova, Structured versus unstructured data: The balance of power continues to shift, IDC",
what_is_wrong_with_topic_modeling_and_ho,Venue counts table (Sun et al. survey),Venue counts table (Sun et al. survey),numericfact,False,False,neutral,False,medium,2.1,Tables 1 [28] and 2 show top SE venues that published SE results and a sample of those papers respectively.,"[28] X. Sun, X. Liu, B. Li, Y. Duan, H. Yang, J. Hu, Exploring topic models in software engineering data analysis: A survey, SNPD 2016 357-362",
tuning_for_software_analytics_is_it_real,"Classic search heuristics (GA, HC, Tabu, DE, ES, PSO, ILS, ...)",Differential evolution (Storn & Price),methodology,False,True,supports,False,high,Abstract; 2.6 Tuning Algorithms; Algorithm 1,we ran differential evolution as an optimizer to explore the tuning space (as a first step) then tested the tunings using hold-out data,"[12] R. Storn, K. Price, Differential evolution-a simple and efficient heuristic for global optimization over continuous spaces, J. Global Optimization 11(4) (1997) 341-359",
tuning_for_software_analytics_is_it_real,Differential evolution (Storn & Price),Storn's population-size recommendation (np = 10x attributes),numericfact,False,True,refutes,False,high,4.4 RQ4; Figure 3; Table 7,Rainer Storn (one of the inventors of DE) recommends setting np to be ten times larger than the number of attributes being optimized [12]. ... no evidence that np = 10 is a poor choice,"[12] R. Storn, K. Price, Differential evolution-a simple and efficient heuristic for global optimization over continuous spaces, J. Global Optimization 11(4) (1997) 341-359",
tuning_for_software_analytics_is_it_real,CART / decision trees,"Lessmann et al. benchmark of 22 learners (RF best, CART worst)",replication,False,False,refutes,False,high,2.4 Notes on Data Miners; 4.2 RQ2,"this paper shows we can refute the conclusions of Lessmann et al. in the sense that, after tuning, CART performs just as well as Random Forest","[4] S. Lessmann, B. Baesens, C. Mues, S. Pietsch, Benchmarking classification models for software defect prediction, IEEE TSE 34(4) (2008) 485-496",
tuning_for_software_analytics_is_it_real,Yu et al. SLR corpora / FASTREAD,Hall et al. SLR (simple learners such as LR beat Random Forest),replication,False,False,refutes,False,high,2.4; Table 2; 4.2 RQ2; Figure 2,"LR will be used, untuned, in order to check one of the recommendations made by Hall et al. [5]. ... tuning raises doubts about the optimality of the Hall et al. recommendation","[5] T. Hall, S. Beecham, D. Bowes, D. Gray, S. Counsell, A systematic review of fault prediction performance in software engineering, IEEE TSE 38(6) (2012) 1276-1304",
tuning_for_software_analytics_is_it_real,Lessmann et al. benchmark of defect classifiers,Lessmann et al. grid-search tuning protocol,steppingstone,False,False,refutes,False,medium,2.1 Tuning: Important and Ignored,Lessmann et al.[4] tuned parameters for some of their algorithms using a grid search ... This is a slow approach,"[4] S. Lessmann, B. Baesens, C. Mues, S. Pietsch, Benchmarking classification models for software defect prediction, IEEE TSE 34(4) (2008) 485-496",
tuning_for_software_analytics_is_it_real,"PROMISE / SEACRAFT repository (NASA, SOFTLAB, Jureczko)","PROMISE defect data (ant, camel, ivy, jedit, log4j, lucene, poi, synapse, velocity, xerces)",dataset,True,True,neutral,True,high,3.1 Data Sets; Table 3,Our defect data comes from the PROMISE repository (http://openscience.us/repo/defect) and pertains to open source Java systems defined in terms of Table 1,"[1] T. Menzies, C. Pape, M. Rees-Jones, The promise repository of empirical software engineering data (Feb 2015). URL http://openscience.us/repo",http://openscience.us/repo
tuning_for_software_analytics_is_it_real,scikit-learn,"Scikit-learn (CART, Random Forest, LR implementations)",software,False,True,neutral,False,high,2.4 Notes on Data Miners; 2.5,"For this study, we use CART, Random Forest and LR versions from SciKitLearn [38]","[38] F. Pedregosa et al., Scikit-learn: Machine learning in Python, Journal of Machine Learning Research 12 (2011) 2825-2830",
tuning_for_software_analytics_is_it_real,WHERE learner (Menzies et al.),WHERE learner (Menzies et al.),software,True,True,supports,False,high,2.4 Notes on Data Miners; 2.5,"WHERE, which is available from github.com/ai-se/where. ... this paper uses WHERE since, as shown below, it offers an interesting case study on the benefits of tuning","[37] T. Menzies, A. Butcher, D. Cok, A. Marcus, L. Layman, F. Shull, B. Turhan, T. Zimmermann, Local versus global lessons for defect prediction and effort estimation, IEEE TSE 39(6) (2013) 822-834",
tuning_for_software_analytics_is_it_real,Random forests (Breiman),CART (Breiman et al.),software,False,True,neutral,False,high,2.4 Notes on Data Miners,"There are several ways to make defect predictors using CART [35], Random Forest [36], WHERE [37] and LR","[36] L. Breiman, J. H. Friedman, R. A. Olshen, C. J. Stone, Classification and Regression Trees, 1984",
tuning_for_software_analytics_is_it_real,Random forests (Breiman),Random Forest (Breiman & Cutler),software,False,True,neutral,False,high,2.4; 2.5,"Random Forest divides data like CART then builds F > 1 trees, each time using some random subset of the attributes","[35] L. Breiman, A. Cutler, Random forests, https://www.stat.berkeley.edu/~breiman/RandomForests (2001)",https://www.stat.berkeley.edu/~breiman/RandomForests
tuning_for_software_analytics_is_it_real,Fayyad-Irani discretizer / InfoGain (inside WHERE),Fayyad-Irani discretizer / InfoGain (inside WHERE),methodology,False,True,neutral,False,medium,2.5 Learners and Their Tunings,"WHERE pretends its clusters are ""classes"", then asks the InfoGain algorithm of the Fayyad-Irani discretizer [41], to rank the attributes","[41] U. M. Fayyad, I. H. Irani, Multi-interval discretization of continuous-valued attributes for classification learning, IJCAI 1993, pp. 1022-1027",
tuning_for_software_analytics_is_it_real,"Principal component analysis (Jolliffe), as WHERE's projection","Principal component analysis (Jolliffe), as WHERE's projection",methodology,False,True,neutral,False,low,2.5 Learners and Their Tunings,WHERE projects the data on to a dimension it synthesizes from the raw data using a process analogous to principle component analysis [40],"[40] I. Jolliffe, Principal component analysis, Wiley Online Library, 2002",
tuning_for_software_analytics_is_it_real,Menzies 2007 defect-prediction protocol,"Menzies, Greenwald & Frank 2007 (NASA defect predictors, off-the-shelf tunings, grid search takes days)",numericfact,True,False,supports,False,high,2.1; 2.3,we have explored grid search for defect prediction and found it takes days to terminate [15]. ... Defect predictors often find the location of 70% (or more) of the defects in code [15],"[15] T. Menzies, J. Greenwald, A. Frank, Data mining static code attributes to learn defect predictors, IEEE TSE 33(1) (2007) 2-13",http://menzies.us/pdf/06learnPredict.pdf
tuning_for_software_analytics_is_it_real,Menzies 2007 defect-prediction protocol,"Menzies, Greenwald & Frank 2007 (learner rankings with default tunings)",sanitycheck,True,False,refutes,False,high,6. Conclusions; 4.2,"Tuning changes conclusions on what learners are better than others. Hence, it is time to revisit numerous prior publications of our own [15] and others [4, 5]","[15] T. Menzies, J. Greenwald, A. Frank, Data mining static code attributes to learn defect predictors, IEEE TSE 33(1) (2007) 2-13",http://menzies.us/pdf/06learnPredict.pdf
tuning_for_software_analytics_is_it_real,Menzies & Di Stefano 2003 (success/failure factors in software reuse),Menzies & Di Stefano 2003 (success/failure factors in software reuse),sanitycheck,True,False,refutes,False,high,4.3 RQ3,one of us (Menzies) used data miners to assert that some factors were more important than others ... That assertion should now be doubted since Menzies did not conduct a tuning study,"[8] T. Menzies, J. D. Stefano, More success and failure factors in software reuse, IEEE TSE 29(5) (2003) 474-477",http://menzies.us/pdf/02sereuse.pdf
tuning_for_software_analytics_is_it_real,"Menzies et al. 'Sharing Data and Models' (advice: do not tune, too hard)","Menzies et al. 'Sharing Data and Models' (advice: do not tune, too hard)",sanitycheck,True,False,refutes,False,high,2.5 Learners and Their Tunings,"many researchers in this field were content to take our prior advice of ""do not tune... it is just too hard"" [39]","[39] T. Menzies, E. Kocaguneli, L. Minku, F. Peters, B. Turhan, Sharing Data and Models in Software Engineering, Morgan Kaufmann, 2015",
tuning_for_software_analytics_is_it_real,WHERE / WHAT spectral learners (Menzies group),"Prior SBSE evolutionary-optimizer work (Feather/Menzies, Krall GALE, Green et al.) expecting thousands of evaluations",sanitycheck,True,False,refutes,False,medium,4.5 RQ5,"our expectations were that non-parametric evolutionary optimization would take thousands, if not millions, of evaluations of candidate tunings. This turned out not to be that case","[44,45,52,60,61] e.g. J. Krall, T. Menzies, M. Davies, Gale: Geometric active learning for search-based software engineering, IEEE TSE; P. Green II, T. Menzies et al., ASE'09",doi:10.1109/ASE.2009.93
tuning_for_software_analytics_is_it_real,"Bergstra & Bengio, random search for hyper-parameter optimization","Bergstra & Bengio, random search for hyper-parameter optimization",sanitycheck,False,False,supports,False,high,2.1 Tuning: Important and Ignored,Bergstra and Bengio [13] comment that for most data sets only a few of the tuning parameters really matter ... the important tunings are different for different data sets,"[13] J. Bergstra, Y. Bengio, Random Search for Hyper-Parameter Optimization, Journal of Machine Learning Research 13 (2012) 281-305",
tuning_for_software_analytics_is_it_real,Grid-search tuning (Tantithamthavorn et al.),Baker PhD thesis (grid search misses optimizations),numericfact,False,False,supports,False,medium,2.1 Tuning: Important and Ignored,"Not only that, we found that grid search can miss important optimizations [21]","[21] D. Baker, A Hybrid Approach to Expert and Model-based Effort Estimation, Ph.D. thesis, West Virginia University (2007)",
tuning_for_software_analytics_is_it_real,"Classic search heuristics (GA, HC, Tabu, DE, ES, PSO, ILS, ...)",Vesterstrom & Thomsen (DE competitive with PSO and GAs),sanitycheck,False,False,supports,False,medium,2.6 Tuning Algorithms,Vesterstrom and Thomsen [54] found DE to be competitive with particle swarm optimization and other GAs,"[54] J. Vesterstrom, R. Thomsen, A comparative study of differential evolution, particle swarm optimization, and evolutionary algorithms on numerical benchmark problems, CEC'04",doi:10.1109/CEC.2004.1331139
tuning_for_software_analytics_is_it_real,Cohen: compare against simplest alternative; Holte: simple 'scout' learners,Cohen: compare against simplest alternative; Holte: simple 'scout' learners,methodology,False,False,supports,False,medium,2.6 Tuning Algorithms,"Cohen [42] advises comparing new methods against the simplest possible alternative. Similarly, Holte [43] recommends using very simple learners as a kind of ""scout""","[42] P. R. Cohen, Empirical Methods for Artificial Intelligence, MIT Press, 1995; [43] R. Holte, Very simple classification rules perform well..., Machine Learning 11 (1993) 63",
tuning_for_software_analytics_is_it_real,Static bug finders vs statistical models (Rahman et al.),Rahman et al. ICSE'14 (static bug finders vs statistical defect prediction equivalent),numericfact,False,False,supports,False,medium,2.3 Notes on Defect Prediction,"They found no significant differences in the cost-effectiveness of these approaches. Given this equivalence, it is significant to note that static code defect prediction can be quickly adapted","[34] F. Rahman, S. Khatri, E. Barr, P. Devanbu, Comparing static bug finders and statistical prediction, ICSE 2014, pp. 424-434",doi:10.1145/2568225.2568269
tuning_for_software_analytics_is_it_real,IEEE Metrics 2002 panel / Fagan inspections (manual review defect-detection rates),IEEE Metrics 2002 panel / Fagan inspections (manual review defect-detection rates),numericfact,False,False,supports,False,medium,2.3 Notes on Defect Prediction,a panel at IEEE Metrics 2002 [32] concluded that manual software reviews can find ~60% of defects ... around 50% for full Fagan inspections [33] to 21%,"[32] F. Shull, V. Basili, B. Boehm et al., What we have learned about fighting defects, IEEE Metrics 2002, pp. 249-258; [33] M. Fagan, IBM Systems Journal 15(3)",
tuning_for_software_analytics_is_it_real,Nagappan & Ball (static attributes automatically collectable),Nagappan & Ball (static attributes automatically collectable),sanitycheck,False,False,supports,False,low,2.3 Notes on Defect Prediction,"Static code attributes can be automatically collected, even for very large systems [3]","[3] N. Nagappan, T. Ball, Static analysis tools as early indicators of pre-release defect density, ICSE '05, ACM, 2005, pp. 580-586",
is_better_data_better_than_better_data_m,SMOTE (Chawla et al.),SMOTE (Chawla et al.),steppingstone,False,True,refutes,False,high,Intro; RQ1; RQ2,SMOTUNED outperformed both the original SMOTE [7] as well as state-of-the-art method [4]. ... the use of off-the-shelf SMOTE should be deprecated.,"[7] Chawla, Bowyer, Hall, Kegelmeyer. 2002. SMOTE: synthetic minority over-sampling technique. JAIR 16, 321-357.",
is_better_data_better_than_better_data_m,Aha's mixed-data distance,MAHAKIL (Bennin et al.),steppingstone,False,True,refutes,False,high,RQ4,there was no reproduction package available for MAHAKIL so we wrote our own version based on the description in that paper ... SMOTUNED generated larger and better results than MAHAKIL,"[4] Bennin, Keung, Phannachitta, Monden, Mensah. 2017. MAHAKIL: Diversity based Oversampling Approach ... Software Defect Prediction. IEEE TSE.",
is_better_data_better_than_better_data_m,Aha's mixed-data distance,MAHAKIL results regenerated on Bennin's datasets,replication,False,True,supports,False,high,RQ4,"We verified our implementation on their datasets, and achieved close to their values ± 0.1. The difference could be due to different random seed.","[4] Bennin, Keung, Phannachitta, Monden, Mensah. 2017. MAHAKIL ... IEEE TSE.",
is_better_data_better_than_better_data_m,Aha's mixed-data distance,Bennin et al. MAHAKIL evaluation datasets,dataset,False,True,neutral,False,medium,RQ4,"We verified our implementation on their datasets, and achieved close to their values ± 0.1.","[4] Bennin, Keung, Phannachitta, Monden, Mensah. 2017. MAHAKIL ... IEEE TSE.",
is_better_data_better_than_better_data_m,SVM,Ghotra et al. classifier ranking (RF best ... SVM worst),steppingstone,False,True,refutes,False,high,"Sec 2.4, Table 3; RQ2","Using their work, we can select a range of classifiers for this study ranking from ""best"" to ""worst"" ... even our ""best"" learner (RF) fails over half the time.","[17] Ghotra, McIntosh, Hassan. 2015. Revisiting the impact of classification techniques on the performance of defect prediction models. ICSE.",
is_better_data_better_than_better_data_m,Defect-predictor tuning (Tantithamthavorn et al.),"Prior classifier ranking studies (Lessmann, Hall, Tantithamthavorn, Menzies, Jiang, Fu, ...)",sanitycheck,True,False,refutes,False,medium,"Intro; Sec 2.4, Table 4","The discovery of an important systematic error in many prior ranking studies, i.e., all of [13, 15-18, 21, 25-27, 29, 32, 33, 35, 40, 53, 62, 67].","[13, 15-18, 21, 25-27, 29, 32, 33, 35, 40, 53, 62, 67] e.g. Lessmann et al. 2008 IEEE TSE 34(4); Tantithamthavorn et al. 2016 ICSE.",
is_better_data_better_than_better_data_m,Scott-Knott ranking,Scott-Knott ranking (Mittas & Angelis; Ghotra et al.),statmethod,False,True,supports,False,high,Sec 3.2,"For the significance test, we used the Scott-Knott procedure [17, 43]. This technique recursively bi-clusters a sorted set of numbers.","[43] Mittas, Angelis. 2013. Ranking and clustering software cost estimation models through a multiple comparisons algorithm. IEEE TSE 39(4).",
is_better_data_better_than_better_data_m,A12 effect size (Vargha & Delaney; Arcuri & Briand),A12 effect size (Arcuri & Briand),statmethod,False,True,supports,False,high,Sec 3.2,our hypothesis test H was a conjunction of the A12 effect size test (endorsed by [3]) and nonparametric bootstrap sampling [12],"[3] Arcuri, Briand. 2011. A practical guide for using statistical tests to assess randomized algorithms in software engineering. ICSE.",
is_better_data_better_than_better_data_m,Bootstrap significance test (Efron),Non-parametric bootstrap (Efron & Tibshirani),statmethod,False,True,supports,False,high,Sec 3.2,our Scott-Knott divided the data if both bootstrapping and an effect size test agreed that the division was statistically significant (99% confidence),"[12] Efron, Tibshirani. 1994. An introduction to the bootstrap. Chapman and Hall, London.",
is_better_data_better_than_better_data_m,CK object-oriented metrics (Chidamber & Kemerer),CK object-oriented metrics (Chidamber & Kemerer),methodology,False,True,supports,False,high,"Sec 2.1, Table 1; Sec 3",Table 1: OO CK code metrics used for all studies in this paper. ... These are all open source JAVA OO systems described in terms of the CK metrics.,"[8] Chidamber, Kemerer. 1994. A metrics suite for object oriented design. IEEE TSE 20(6), 476-493.",
is_better_data_better_than_better_data_m,AUC as evaluation measure,AUC / ROC curve (Duda et al.; Swets),methodology,False,True,supports,False,medium,Sec 2.2,"Area Under Curve (AUC), which is the area covered by an ROC curve [11, 60] in which the X-axis represents, false positive rate and the Y-axis represents true positive rate.","[60] Swets. 1988. Measuring the accuracy of diagnostic systems. Science 240(4857), 1285. / [11] Duda, Hart, Stork. Pattern classification.",
is_better_data_better_than_better_data_m,AUC as evaluation measure,"Four evaluation criteria (recall, precision, false alarm, AUC) as widely reported",methodology,True,True,supports,False,medium,Sec 2.2,"this paper evaluates the defect predictors using the four criteria mentioned above (since these are widely reported in the literature [16, 17]))","[16] Fu, Menzies, Shen. 2016. Tuning for software analytics: Is it really necessary? IST 76. / [17] Ghotra et al. 2015 ICSE.",
is_better_data_better_than_better_data_m,Train/test split protocol,Repeated k-fold cross-validation protocol (Refaeilzadeh et al.),methodology,False,True,supports,False,medium,Sec 3,Our cross-validation study [56] is defined as follows: (1) We randomized the order of the data set D_i five times.,"[56] Refaeilzadeh, Tang, Liu. 2009. Cross-validation. In Encyclopedia of database systems. Springer, 532-538.",
is_better_data_better_than_better_data_m,Zhang's equation linking performance measures (Zhang & Zhang),Zhang's equation linking performance measures (Zhang & Zhang),theory,False,False,supports,False,high,Sec 3.1,"known that our performance measures are inter-connected via the Zhang's equation [70]. Hence, increasing (e.g.,) recall might potentially have the adverse effect of driving up (e.g) the false alarm rate.","[70] Zhang, Zhang. 2007. Comments on Data Mining Static Code Attributes to Learn Defect Predictors. IEEE TSE 33(9), 635-637.",
is_better_data_better_than_better_data_m,Distance metrics in high dimensions: r < 1 (Aggarwal et al.),Distance metrics in high dimensions: r < 1 (Aggarwal et al.),theory,False,False,supports,False,high,"Sec 2.6, Table 5","Aggarawal et al. [1] argue that with data being highly dimensional, r should shrink to some fraction less than one (hence the bound of r = 0.1 in Table 5).","[1] Aggarwal, Hinneburg, Keim. 2001. On the surprising behavior of distance metrics in high dimensional space. ICDT. Springer, 420-434.",
is_better_data_better_than_better_data_m,"PROMISE / SEACRAFT repository (NASA, SOFTLAB, Jureczko)","SEACRAFT defect data (jEdit, Camel, Tomcat, Ivy, Arcilook, Redaktor, Ant, Synapse, Velocity)",dataset,True,True,neutral,True,high,"Sec 3, Table 7; Threats","only imbalanced class data sets were selected from SEACRAFT (http://tiny.cc/seacraft). ... These data sets have used in various case studies by various researchers [24, 51, 52, 63]","SEACRAFT repository http://tiny.cc/seacraft (no origin paper cited; prior users [24, 51, 52, 63])",http://tiny.cc/seacraft
is_better_data_better_than_better_data_m,scikit-learn,Scikit-learn (Pedregosa et al.),software,False,True,neutral,False,high,Sec 3,"For implementations of these learners, we used the open source tool Scikit-Learn [48].","[48] Pedregosa et al. 2011. Scikit-learn: Machine learning in Python. JMLR 12, 2825-2830.",
is_better_data_better_than_better_data_m,"Classic search heuristics (GA, HC, Tabu, DE, ES, PSO, ILS, ...)",Differential evolution (Storn & Price),software,False,True,supports,False,high,"Sec 2.6, Figure 4",SMOTUNED uses DE (differential evolution [59]) to explore the parameter space of Table 5.,"[59] Storn, Price. 1997. Differential evolution - a simple and efficient heuristic for global optimization over continuous spaces. J. Global Optimization 11(4).",
is_better_data_better_than_better_data_m,DE competitive with PSO/GA (Vesterstrom & Thomsen),DE competitive with PSO/GA (Vesterstrom & Thomsen),sanitycheck,False,False,supports,False,medium,Sec 2.6,Vesterstrom et al. [65] find DE's optimizations to be competitive with other optimizers like particle swarm optimization or genetic algorithms.,"[65] Vesterstrom, Thomsen. 2004. A comparative study of differential evolution, particle swarm optimization, and evolutionary algorithms ... CEC2004.",
is_better_data_better_than_better_data_m,Prior DE-based parameter tuning (Fu & Menzies; Agrawal et al.; Chiha; Omran),Prior DE-based parameter tuning (Fu & Menzies; Agrawal et al.; Chiha; Omran),sanitycheck,True,False,supports,False,medium,Sec 2.6,"DEs have been used before for parameter tuning [2, 9, 14, 16, 46]) but this paper is the first attempt to do DE-based class re-balancing for SE data","[2] Agrawal, Fu, Menzies 2016 arXiv:1608.08176; [14] Fu, Menzies 2017 arXiv:1703.00133; [16] Fu, Menzies, Shen 2016 IST; [9]; [46]",
is_better_data_better_than_better_data_m,Yu et al. SLR corpora / FASTREAD,CK metrics used 49% vs McCabe 27% vs process 24% (Radjenovic et al.),numericfact,False,False,supports,False,high,Sec 2.1; Sec 2.4,the CK metrics are used twice as much (49%) as more traditional source code metrics such as McCabes (27%) or process metrics (24%),"[53] Radjenovic, Hericko, Torkar, Zivkovic. 2013. Software fault prediction metrics: A systematic literature review. IST 55(8), 1397-1418.",
is_better_data_better_than_better_data_m,SE data class imbalances 1:7 ... 1:249 (Menzies et al.),SE data class imbalances 1:7 ... 1:249 (Menzies et al.),numericfact,True,False,supports,False,high,Sec 2.3,"Menzies et al. [36] reported SE data sets often contain class imbalance. In their examples, they showed static code defect prediction data sets with class imbalances of 1:7; 1:9; 1:10; 1:13; 1:16; 1:249.","[36] Menzies, Dekhtyar, Distefano, Greenwald. 2007. Problems with Precision: A Response to comments on data mining static code attributes. IEEE TSE 33(9).",
is_better_data_better_than_better_data_m,Config-tuning and analytics data (Fu; Jamshidi; Guo; Ha; Weber; Krishna),"Defect predictors learn in seconds (Fu, Menzies & Shen, Table 9)",numericfact,True,False,supports,False,medium,Sec 2.1,it can be a matter of just a few seconds to learn a defect predictor (see the runtimes in Table 9 of reference [16]).,"[16] Fu, Menzies, Shen. 2016. Tuning for software analytics: Is it really necessary? IST 76, 135-146.",
is_better_data_better_than_better_data_m,Static bug finders vs defect predictors equally cost-effective (Rahman et al.),Static bug finders vs defect predictors equally cost-effective (Rahman et al.),sanitycheck,False,False,supports,False,medium,Sec 2.1,"Rahman et al. [54], found no significant differences in the cost-effectiveness of (a) static code analysis tools FindBugs and Jlint, and (b) static code defect predictors.","[54] Rahman, Khatri, Barr, Devanbu. 2014. Comparing Static Bug Finders and Statistical Prediction. ICSE, 424-434.",http://dx.doi.org/10.1145/2568225.2568269
is_better_data_better_than_better_data_m,Config-tuning and analytics data (Fu; Jamshidi; Guo; Ha; Weber; Krishna),SMOTE value depends on the learner (Kamei et al.; Van Hulse et al.),sanitycheck,False,False,supports,False,medium,Sec 2.5,"They reported that SMOTE improved the prediction performance of the linear and logistic models, but not neural network and decision tree models.","[28] Kamei, Monden, Matsumoto, Kakimoto, Matsumoto. 2007. The effects of over and under sampling on fault-prone module detection. ESEM. / [64] Van Hulse et al. 2007 ICML.",
is_better_data_better_than_better_data_m,Yu et al. SLR corpora / FASTREAD,Hall et al. SLR: imbalanced data hurts C4.5,sanitycheck,False,False,supports,False,medium,Sec 2.3,Hall et al. [21] found that models based on C4.5 under-perform if they have imbalanced data while Naive Bayes and Logistic regression perform relatively better.,"[21] Hall, Beecham, Bowes, Gray, Counsell. 2012. A systematic literature review on fault prediction performance in software engineering. IEEE TSE 38(6).",
using_bad_learners_to_find_good_configur,"Projective sampling (Sarkar et al., ASE'15)","Projective sampling (Sarkar et al., ASE'15)",steppingstone,True,True,refutes,False,high,Introduction; Sec 3.2; Sec 7.2,We measure the benefit of our rank-based approach as the percentage of required measurements needed by state-of-the-art techniques in this field (see Sarkar et al. [18] presented at ASE'15).,"[18] A. Sarkar, J. Guo, N. Siegmund, S. Apel, K. Czarnecki. 2015. Cost-Efficient Sampling for Performance Prediction of Configurable Systems. ASE, 342-352.",
using_bad_learners_to_find_good_configur,"Progressive sampling (residual-based, as described by Sarkar et al.)","Progressive sampling (residual-based, as described by Sarkar et al.)",steppingstone,True,True,refutes,False,high,Sec 3.1; Sec 7; Fig 7-9,"we discuss the residual-based approaches for building performance models ... For further details, we refer to Sarkar et. al [18]. ... progressive and projective sampling, respectively.","[18] A. Sarkar, J. Guo, N. Siegmund, S. Apel, K. Czarnecki. 2015. Cost-Efficient Sampling for Performance Prediction of Configurable Systems. ASE, 342-352.",
using_bad_learners_to_find_good_configur,Config-tuning and analytics data (Fu; Jamshidi; Guo; Ha; Weber; Krishna),"CART performance prediction (Guo et al., ASE'13)",steppingstone,True,True,refutes,False,high,Introduction; Fig 1,"when the state-of-the-art technique of Guo at al. [5] is applied to these software systems, the error rates of the generated predictor is up to 80%","[5] J. Guo, K. Czarnecki, S. Apel, N. Siegmund, A. Wasowski. 2013. Variability-Aware Performance Prediction: A Statistical Learning Approach. ASE, 301-311.",
using_bad_learners_to_find_good_configur,Config-tuning and analytics data (Fu; Jamshidi; Guo; Ha; Weber; Krishna),Apache Storm configuration datasets (Jamshidi & Casale),dataset,False,True,supports,False,high,Sec 5 Subject Systems (SS9-SS21),"we also consider Apache Storm, a distributed system, in several scenarios. The datasets were obtained from the paper by Jamshidi et al. [7].","[7] P. Jamshidi and G. Casale. 2016. An Uncertainty-Aware Approach to Optimal Configuration of Stream Processing Systems. MASCOTS, 39-48.",
using_bad_learners_to_find_good_configur,Configurable-system performance data (Siegmund; Apel),"Configurable-system performance datasets SS1-SS8 (x264, BerkeleyDB, SQLite, wget, lrzip, Dune, HSMGP, Apache; SPLConqueror lineage)",dataset,True,True,supports,False,low,Sec 5 Subject Systems,we evaluate it using 21 test cases collected in 9 open-source software systems. For more details on the subject systems and configurations options refer to http://tiny.cc/3wpwly,"[21] N. Siegmund, S. S. Kolesnikov, C. Kaestner, S. Apel, D. Batory, M. Rosenmueller, G. Saake. 2012. Predicting Performance via Automated Feature-Interaction Detection. ICSE.",http://tiny.cc/3wpwly
using_bad_learners_to_find_good_configur,scikit-learn,scikit-learn (CART implementation),software,False,True,supports,False,high,Sec 9 Reliability and Validity; Sec 6.2,we took care to either clearly define our algorithms or use implementations from the public domain (scikit-learn) [16].,"[16] F. Pedregosa et al. 2011. Scikit-learn: Machine Learning in Python. JMLR 12, 2825-2830.",
using_bad_learners_to_find_good_configur,Bootstrap significance test (Efron),Non-parametric bootstrap test (Efron & Tibshirani),statmethod,False,True,supports,False,high,Sec 7.1,"For testing statistical significance, we used a non-parametric bootstrap test with 95% confidence [2]",[2] B. Efron and R. J. Tibshirani. 1993. An Introduction to the Bootstrap. CRC.,
using_bad_learners_to_find_good_configur,A12 effect size (Vargha & Delaney; Arcuri & Briand),A12 effect size (Vargha & Delaney),statmethod,False,True,supports,False,high,Sec 7.1,"followed by an A12 test to check that any observed differences were not trivially small effects ... (as per Vargha [22], we say that a small effect has a < 0.6)","[22] A. Vargha and H. D. Delaney. 2000. A Critique and Improvement of the CL Common Language Effect Size Statistics of McGraw and Wong. JEBS 25, 101-132.",
using_bad_learners_to_find_good_configur,Scott-Knott ranking,Scott-Knott ranking (Mittas & Angelis),statmethod,False,True,supports,False,high,Sec 7.1; Fig 7,we use the Scott-Knott test to recursively divide our approaches ... This use of the Scott-Knott test is endorsed by Mittas and Angelis [12],"[12] N. Mittas and L. Angelis. 2013. Ranking and Clustering Software Cost Estimation Models through a Multiple Comparisons Algorithm. TSE 39, 537-551.",
using_bad_learners_to_find_good_configur,Scott-Knott ranking,"Scott-Knott for classifier comparison (Ghotra, McIntosh, Hassan)",statmethod,False,True,supports,False,medium,Sec 7.1,This use of the Scott-Knott test is endorsed by Mittas and Angelis [12] and by Hassan et al. [4].,"[4] B. Ghotra, S. McIntosh, A. E. Hassan. 2015. Revisiting the Impact of Classification Techniques on the Performance of Defect Prediction Models. ICSE, 789-800.",
using_bad_learners_to_find_good_configur,Config-tuning and analytics data (Fu; Jamshidi; Guo; Ha; Weber; Krishna),MMRE residual accuracy metric (as used by Sarkar et al. / Guo et al.),methodology,True,True,refutes,False,medium,Sec 4; Sec 6.1; Sec 6.2,The accuracy of the models is calculated using MMRE (from Equation 2). ... instead of using residual measures of errors ... we use a rank-based measure.,"[18] A. Sarkar, J. Guo, N. Siegmund, S. Apel, K. Czarnecki. 2015. Cost-Efficient Sampling for Performance Prediction of Configurable Systems. ASE, 342-352.",
using_bad_learners_to_find_good_configur,WHERE / WHAT spectral learners (Menzies group),"'Lives' convergence/termination criterion (GALE, Krall et al.)",methodology,True,True,supports,False,high,Sec 3.1; Sec 4; Sec 8.4,then a life is lost. This termination criterion is widely used in the field of multi-objective optimization to determine degree of convergence [9].,"[9] J. Krall, T. Menzies, M. Davies. 2015. GALE: Geometric Active Learning for Search-Based Software Engineering. TSE 41, 1001-1018.",
using_bad_learners_to_find_good_configur,Configurable-system performance data (Siegmund; Apel),"Validity/reliability definitions (Siegmund, Siegmund & Apel)",methodology,True,False,supports,False,medium,Sec 9 Reliability and Validity,Validity refers to the extent to which a piece of research actually investigates what the researcher purports to investigate [20].,"[20] J. Siegmund, N. Siegmund, S. Apel. 2015. Views on Internal and External Validity in Empirical Software Engineering. ICSE, 9-19.",
using_bad_learners_to_find_good_configur,SS-* config datasets / FLASH (Nair et al.),"Prior <5% MMRE predictors via sub-sampling (Nair et al., spectral learning)",numericfact,True,False,neutral,False,high,Introduction,prior work [15] has used sub-sampling to build predictors for configuration runtimes using predictors with error rates less than 5%,"[15] V. Nair, T. Menzies, N. Siegmund, S. Apel. 2017. Faster Discovery of Faster System Configurations with Spectral Learning. arXiv.",
using_bad_learners_to_find_good_configur,Developers ignore over 83% of configuration options (Xu et al.),Developers ignore over 83% of configuration options (Xu et al.),numericfact,False,False,supports,False,high,Introduction,"developers tend to ignore over 83% of configuration options, which leaves considerable optimization potential untapped and induces major economic cost [24].","[24] T. Xu, L. Jin, X. Fan, Y. Zhou, S. Pasupathy, R. Talwadker. 2015. Hey, You Have Given Me Too Many Knobs! ESEC/FSE, 307-319.",
using_bad_learners_to_find_good_configur,Configurable-system performance data (Siegmund; Apel),Accurate models need hundreds of measurements (Siegmund et al. ICSE'12 / Guo / Sarkar),numericfact,True,False,refutes,False,low,Sec 6.1,"Such accurate models require the evaluation/measurement of hundreds of configuration options for training [5, 18, 21].","[21] N. Siegmund, S. S. Kolesnikov, C. Kaestner, S. Apel, D. Batory, M. Rosenmueller, G. Saake. 2012. Predicting Performance via Automated Feature-Interaction Detection. ICSE.",
using_bad_learners_to_find_good_configur,"MMRE causes conclusion instability (Foss et al.; Myrtveit & Stensrud; Myrtveit, Stensrud & Shepperd)","MMRE causes conclusion instability (Foss et al.; Myrtveit & Stensrud; Myrtveit, Stensrud & Shepperd)",sanitycheck,False,False,supports,False,medium,Sec 4 footnote 3,"MMRE along with other accuracy statistics such as MMRE, MBRE has been shown to cause conclusion instability [3, 13, 14].","[3] T. Foss, E. Stensrud, B. Kitchenham, I. Myrtveit. 2003. A Simulation Study of the Model Evaluation Criterion MMRE. TSE 29, 985-995.",
using_bad_learners_to_find_good_configur,Ranking robust to errors/outliers (Rosset et al.; Kloke & McKean Rfit),Ranking robust to errors/outliers (Rosset et al.; Kloke & McKean Rfit),sanitycheck,False,False,supports,False,medium,Sec 4,"Ranking is extremely robust since it is only mildly affected by errors or outliers [8, 17].","[17] S. Rosset, C. Perlich, B. Zadrozny. 2005. Ranking-based Evaluation of Regression Models. ICDM.",
using_bad_learners_to_find_good_configur,Surrogate approximation error can help search (Lim et al.),Surrogate approximation error can help search (Lim et al.),sanitycheck,False,False,supports,False,medium,Sec 6.1 footnote 6,A model capable to smoothing the complex landscape of a problem can be beneficial for the search process. This sentiment has been echoed in the evolutionary algorithm literature as well [10].,"[10] D. Lim, Y. Jin, Y. S. Ong, B. Sendhoff. 2010. Generalizing Surrogate-Assisted Evolutionary Computation. IEEE TEVC 14, 329-355.",
using_bad_learners_to_find_good_configur,Acquiring optimal configuration is expensive (Weiss & Tian),Acquiring optimal configuration is expensive (Weiss & Tian),sanitycheck,False,False,supports,False,low,Introduction,"Other researchers have commented that, in real-world scenarios, the cost of acquiring the optimal configuration is overly expensive and time-consuming [23].","[23] G. M. Weiss and Y. Tian. 2008. Maximizing Classifier Utility when there are Data Acquisition and Modeling Costs. DMKD, 253-282.",
using_bad_learners_to_find_good_configur,"Measurement bias can cause false interpretations (Menzies et al., local vs global)","Measurement bias can cause false interpretations (Menzies et al., local vs global)",sanitycheck,True,False,supports,False,low,Sec 9 Reliability and Validity,We are aware that this evaluation leaves room for outliers and that measurement bias can cause false interpretations [11].,"[11] T. Menzies, A. Butcher, D. Cok, A. Marcus, L. Layman, F. Shull, B. Turhan, T. Zimmermann. 2013. Local versus Global Lessons for Defect Prediction and Effort Estimation. TSE 39.",
fairway_a_way_to_build_fair_ml_software,Optimized Preprocessing (Calmon et al.),Optimized Preprocessing (Calmon et al.),steppingstone,False,True,neutral,True,high,"7 Results, RQ5 / Table 4",We chose five such algorithms (all from IBM AIF360) which we thought could be representative of the works done before. Table 4 shows the results,"[33] F. Calmon, D. Wei, B. Vinzamuri, K. Natesan Ramamurthy, K. R. Varshney, Optimized pre-processing for discrimination prevention, NIPS 30, 2017",http://papers.nips.cc/paper/6988-optimizedpre-processing-for-discrimination-prevention.pdf
fairway_a_way_to_build_fair_ml_software,AIF360 fairness baselines (IBM),Reweighing (Kamiran & Calders),steppingstone,False,True,neutral,True,high,"7 Results, RQ5 / Table 4","Reweighing(Pre-processing)[32] ... In most of the cases, Fairway is performing better or the same with prior algorithms in case of reducing ethical bias (AOD,EOD)","[32] F. Kamiran and T. Calders, Data preprocessing techniques for classification without discrimination, Knowledge and Information Systems 33(1), 2012",https://doi.org/10.1007/s10115-011-0463-8
fairway_a_way_to_build_fair_ml_software,"Adversarial Debiasing (Zhang, Lemoine, Mitchell)","Adversarial Debiasing (Zhang, Lemoine, Mitchell)",steppingstone,False,True,neutral,True,high,"7 Results, RQ5 / Table 4","Adversial Debiasing[34] (In-processing) ... Like Fairway, previous algorithms also slightly damage the recall metric","[34] B. H. Zhang, B. Lemoine, and M. Mitchell, Mitigating unwanted biases with adversarial learning, 2018",
fairway_a_way_to_build_fair_ml_software,Reject Option Classification (Kamiran et al.),Reject Option Classification (Kamiran et al.),steppingstone,False,True,neutral,True,high,"7 Results, RQ5 / Table 4","Reject Option Classification[36] (Post-processing) ... In case of false alarm, Fairway has less number of black cells showing damage","[36] F. Kamiran, S. Mansha, A. Karim, and X. Zhang, Exploiting reject option in classification for social discrimination control, Inf. Sci., 2018",
fairway_a_way_to_build_fair_ml_software,IBM AI Fairness 360 toolkit,IBM AI Fairness 360 toolkit,software,False,True,neutral,False,high,"7 Results, RQ5",We chose five such algorithms (all from IBM AIF360) which we thought could be representative of the works done before,"[25] Ai fairness 360: An extensible toolkit for detecting, understanding, and mitigating unwanted algorithmic bias, 10 2018. https://github.com/IBM/AIF360",https://github.com/IBM/AIF360
fairway_a_way_to_build_fair_ml_software,AIF360 fairness baselines (IBM),AIF360 result that prior methods damage performance,numericfact,False,False,supports,False,medium,6.4 Model Optimization,IBM has created a GitHub repo to combine some promising prior works on fairness domain[25]. The results show that most of the prior methods damage the performance of the model,"[25] Ai fairness 360: An extensible toolkit ..., 10 2018. https://github.com/IBM/AIF360",https://github.com/IBM/AIF360
fairway_a_way_to_build_fair_ml_software,AIF360 fairness baselines (IBM),"EOD / AOD fairness metrics (Bellamy et al., AIF360)",methodology,False,True,neutral,False,high,4 Fairness Measures,Equal Opportunity Difference(EOD): Difference of True Positive Rates(TPR) for unprivileged and privileged groups [40]. Average Odds Difference(AOD) ... [40],"[40] R. Bellamy et al., Ai fairness 360: An extensible toolkit for detecting, understanding, and mitigating unwanted algorithmic bias, 10 2018",
fairway_a_way_to_build_fair_ml_software,SS-* config datasets / FLASH (Nair et al.),FLASH sequential model-based optimizer (Nair et al.),software,True,True,supports,False,high,6.4 Model Optimization / Algorithm 1,"For our work, we modified FLASH and generated FAIR_FLASH that seeks best parameters for Logistic regression model with four goals","[55] V. Nair, Z. Yu, T. Menzies, N. Siegmund, and S. Apel, Finding faster configurations using flash, TSE, 2018",
fairway_a_way_to_build_fair_ml_software,SS-* config datasets / FLASH (Nair et al.),FLASH faster than DE and NSGA-II (Nair et al.),numericfact,True,False,supports,False,medium,6.4 Model Optimization,FLASH was invented to solve software configuration problem and it performed faster than more traditional optimizers such as Differential Evolution[57] or NSGA-II[58],"[55] V. Nair, Z. Yu, T. Menzies, N. Siegmund, and S. Apel, Finding faster configurations using flash, TSE, 2018",
fairway_a_way_to_build_fair_ml_software,SS-* config datasets / FLASH (Nair et al.),Bad learners rank configurations correctly (Nair et al.),sanitycheck,True,False,supports,False,medium,6.4 Model Optimization,"as shown by Nair et al., such guesses can rank guesses in (approximately) the same order as that generated by other, much slower, methods [56]","[56] V. Nair, T. Menzies, N. Siegmund, and S. Apel, Using bad learners to find good configurations, FSE 2017, pp. 257-267",
fairway_a_way_to_build_fair_ml_software,scikit-learn,Scikit-learn Logistic Regression,software,False,True,neutral,False,high,6.4 / 7 RQ1,We trained a logistic regression model with default scikit-learn parameters and tested on the five datasets,"footnote 3: In Scikit-Learn, those details are C=1.0, penalty='l2', solver='liblinear', max_iter=100 (no reference entry)",
fairway_a_way_to_build_fair_ml_software,"Situation testing (Zhang, Wu, Wu)","Situation testing (Zhang, Wu, Wu)",methodology,False,True,supports,False,high,"7 Results, RQ6 / Figure 5","We used Situation testing [31] to verify whether after bias removal, the role of a protected attribute on the prediction changes or not","[31] L. Zhang, Y. Wu, and X. Wu, Situation testing-based discrimination discovery: A causal inference approach, IJCAI'16, pp. 2718-2724",
fairway_a_way_to_build_fair_ml_software,UCI datasets,UCI Adult Census Income dataset,dataset,False,True,neutral,True,high,5 Dataset Description,"Adult Census Income - This dataset contains records of 48,842 people. The class label is yearly income [47]","[47] Uci:adult data set, 1994. http://mlr.cs.umass.edu/ml/datasets/Adult",http://mlr.cs.umass.edu/ml/datasets/Adult
fairway_a_way_to_build_fair_ml_software,ProPublica COMPAS recidivism dataset,ProPublica COMPAS recidivism dataset,dataset,False,True,neutral,True,high,5 Dataset Description,"Compas - This is a dataset containing criminal history, demographics, jail and prison time, and COMPAS ... risk scores for defendants from Broward County [48]","[48] propublica/compas-analysis, 2015. https://github.com/propublica/compas-analysis",https://github.com/propublica/compas-analysis
fairway_a_way_to_build_fair_ml_software,UCI datasets,UCI German Credit dataset,dataset,False,True,neutral,True,high,5 Dataset Description,"German Credit Data - This dataset contains records of 1,000 people and binary class labels (Good Credit or Bad Credit) [49]","[49] Uci:statlog (german credit data) data set, 2000. https://archive.ics.uci.edu/ml/datasets/Statlog+(German+Credit+Data)",https://archive.ics.uci.edu/ml/datasets/Statlog+(German+Credit+Data)
fairway_a_way_to_build_fair_ml_software,UCI datasets,UCI Default of Credit Card Clients dataset,dataset,False,True,neutral,True,high,5 Dataset Description,"Default Credit - There are 30,000 records of default payments of people from Taiwan [50]","[50] Uci:default of credit card clients data set, 2016. https://archive.ics.uci.edu/ml/datasets/default+of+credit+card+clients",https://archive.ics.uci.edu/ml/datasets/default+of+credit+card+clients
fairway_a_way_to_build_fair_ml_software,UCI datasets,UCI Heart Disease dataset,dataset,False,True,neutral,True,high,5 Dataset Description,Heart Health - The Heart Dataset from the UCI ML Repository contains fourteen features from 297 adults [51],"[51] Uci:heart disease data set, 2001. https://archive.ics.uci.edu/ml/datasets/Heart+Disease",https://archive.ics.uci.edu/ml/datasets/Heart+Disease
fairway_a_way_to_build_fair_ml_software,Scott-Knott ranking,Scott-Knott test and A12 effect size,statmethod,False,True,neutral,False,medium,"7 Results, RQ5","We have performed scott-knott significance test and A12 effect size test for comparison. For AOD, Fairway performs better in 2/5 cases",(no reference entry given; named in text only),
fairway_a_way_to_build_fair_ml_software,70/15/15 train-validation-test split,70/15/15 train-validation-test split,methodology,False,True,supports,False,medium,6.4 Model Optimization,"we divided the dataset into three groups - Training (70%), Validation (15%) and Test (15%)[54]",[54] Why split data in the ratio 70:30? 2012. http://informationgain.blogspot.com/,http://informationgain.blogspot.com/
fairway_a_way_to_build_fair_ml_software,Definition of bias as systematic error (Martin),Definition of bias as systematic error (Martin),methodology,False,False,supports,False,low,4 Fairness Measures,"Martin argues (and we agree) that ""bias is a systematic error"" [39]","[39] J. Martin, Bias or systematic error (validity), 2010. https://www.ctspedia.org/do/view/CTSpedia/BiasDefinition",https://www.ctspedia.org/do/view/CTSpedia/BiasDefinition
fairway_a_way_to_build_fair_ml_software,Beutel et al. shortcomings of fairness metrics,Beutel et al. shortcomings of fairness metrics,sanitycheck,False,False,supports,False,medium,4 Fairness Measures,"Beutel et al. commented that all of these fairness metrics suffer from three shortcomings [45] ... In this work, several steps are taken to overcome those shortcomings","[45] A. Beutel, J. Chen, T. Doshi, H. Qian, A. Woodruff, C. Luu, P. Kreitmann, J. Bischof, E. H. Chi, Putting fairness principles into practice, 2019",
fairway_a_way_to_build_fair_ml_software,Chen et al. - classifier bias comes from training data,Chen et al. - classifier bias comes from training data,sanitycheck,False,False,supports,False,high,1 Introduction,Chen et al. mentioned that a model acquires bias from training data[13] ... Their work motivated us to find bias in the training data rather than model,"[13] I. Chen, F. D. Johansson, and D. Sontag, Why is my classifier discriminatory? 2018",
fairway_a_way_to_build_fair_ml_software,Berk et al. - fairness has a cost (accuracy-fairness trade-off),Berk et al. - fairness has a cost (accuracy-fairness trade-off),sanitycheck,False,False,supports,False,high,1 Introduction / 6.4,"Berk et al. have stated that achieving fairness has a cost [14] ... following the idea of Berk et al, we apply multiobjective optimization approach","[14] R. Berk, H. Heidari, S. Jabbari, M. Joseph, M. Kearns, J. Morgenstern, S. Neel, A. Roth, A convex framework for fair regression, 2017",
fairway_a_way_to_build_fair_ml_software,Kamishima et al. Prejudice Remover / underestimation index,Kamishima et al. Prejudice Remover / underestimation index,sanitycheck,False,False,supports,False,medium,6.1 Why not Remove the Protected Attributes?,"They defined a new metric called the underestimation index (UEI) ... According to them, this occurs very rarely. So, we did not try to find UEI for our datasets","[35] T. Kamishima, S. Akaho, H. Asoh, J. Sakuma, Fairness-aware classifier with prejudice remover regularizer, ECML PKDD 2012, pp. 35-50",
fairway_a_way_to_build_fair_ml_software,Logistic regression,Hardt et al. / prior fairness work used Logistic Regression,sanitycheck,False,False,supports,False,medium,5 Dataset Description,"Like most of the prior research[33, 35, 38], we used Logistic Regression model on these datasets","[38] M. Hardt, E. Price, and N. Srebro, Equality of opportunity in supervised learning, 2016",
fairway_a_way_to_build_fair_ml_software,Brun et al. - correlated attributes keep bias after removing protected attribute,Brun et al. - correlated attributes keep bias after removing protected attribute,sanitycheck,False,False,refutes,False,medium,6.1 Why not Remove the Protected Attributes?,"Initially, we also thought maybe correlation is the reason for our datasets also. But when we checked for the correlation between attributes, we found that bias is not coming from the correlation",[52] Fairware 2018: international workshop on software fairness. http://fairware.cs.umass.edu/,http://fairware.cs.umass.edu/
fairway_a_way_to_build_fair_ml_software,"THEMIS / Galhotra et al. (situation testing concept, dataset precedent)","THEMIS / Galhotra et al. (situation testing concept, dataset precedent)",sanitycheck,False,False,neutral,False,low,4 Fairness Measures / 5 Dataset Description,"Instead of depending on only those two metrics, the concept of situation testing was used to find discrimination [29]","[29] S. Galhotra, Y. Brun, and A. Meliou, Fairness testing: testing software for discrimination, ESEC/FSE 2017",http://dx.doi.org/10.1145/3106237.3106277
fairway_a_way_to_build_fair_ml_software,AIF360 fairness baselines (IBM),Chakraborty et al. 2019 - SE for fairness with hyperparameter optimization,sanitycheck,True,False,supports,False,medium,5 Dataset Description,"All the datasets are quite popular in fairness domain and used by previous SE researchers[29, 30, 46]","[46] J. Chakraborty, T. Xia, F. M. Fahid, and T. Menzies, Software engineering for fairness: A case study with hyperparameter optimization, 2019",
fairway_a_way_to_build_fair_ml_software,Holstein et al. - practitioners struggle with ML fairness algorithms,Holstein et al. - practitioners struggle with ML fairness algorithms,sanitycheck,False,False,supports,False,low,"7 Results, RQ5","Software practitioners having little ML knowledge may face difficulties to use these algorithms[59]. In case of Fairway, users can clearly see","[59] K. Holstein, J. Wortman Vaughan, H. Daume, M. Dudik, H. Wallach, Improving fairness in machine learning systems, CHI 2019",http://dx.doi.org/10.1145/3290605.3300830
empirical_standards_for_software_enginee,"Weller 2001, Editorial peer review: strengths and weaknesses","Weller 2001, Editorial peer review: strengths and weaknesses",numericfact,False,False,supports,False,medium,Introduction (fn 1),Empirical research consistently shows that peer review is unreliable and ineffective.1,"Ann Weller, 2001. Editorial peer review: Its strengths and weaknesses. Information Today, Inc.",
empirical_standards_for_software_enginee,ACM SIGSOFT Empirical Standards (Ralph et al.),"Ralph 2016, Practical suggestions for improving peer review (CAIS)",sanitycheck,True,False,supports,False,medium,"Introduction (fn 1); Justice, Equality, Diversity and Inclusion (fn 6)","Empirical research consistently shows that peer review is unreliable and ineffective.1 ... The current system of peer review is demonstrably biased in many ways.5, 6","P. Ralph (2016) Practical suggestions for improving scholarly peer review quality and reducing cycle times. CAIS, (38), Article 13.",
empirical_standards_for_software_enginee,ACM SIGSOFT Empirical Standards (Ralph et al.),Empirical Standards GitHub repo (acmsigsoft/EmpiricalStandards),software,True,True,supports,False,high,Empirical Standards (fn 2); Design Process,The standards are hosted on the Empirical Standards GitHub repo.2 ... transitioned all completed standards to plain text (GitHub markdown) to facilitate version control and pull requests.,https://github.com/acmsigsoft/EmpiricalStandards,https://github.com/acmsigsoft/EmpiricalStandards
empirical_standards_for_software_enginee,Prototype structured-review system (Dalhousie),Prototype structured-review system (Dalhousie),software,True,True,supports,False,medium,Costs (fn 4),"A prototype structured-review system4 is under development, but more help will be needed here.",https://web.cs.dal.ca/SIGSOFT-Empirical-Standards/,https://web.cs.dal.ca/SIGSOFT-Empirical-Standards/
empirical_standards_for_software_enginee,"Bravo et al. 2018, Hidden connections: network effects on editorial decisions","Bravo et al. 2018, Hidden connections: network effects on editorial decisions",numericfact,False,False,supports,False,high,"Justice, Equality, Diversity and Inclusion (fn 5)","The current system of peer review is demonstrably biased in many ways.5, 6 One purpose of developing these empirical standards is to make peer review less biased.","Bravo, Farjam, Grimaldo Moreno, Birukou, Squazzoni. 2018. Hidden connections: Network effects on editorial decisions in four CS journals. J. Informetrics 12(1):101-112.",
empirical_standards_for_software_enginee,Inter-Rater Reliability and Agreement Supplement (Cohen's Kappa / Krippendorff's Alpha),Inter-Rater Reliability and Agreement Supplement (Cohen's Kappa / Krippendorff's Alpha),methodology,True,False,supports,False,low,The Scientific Basis of Empirical Standards (fn 7),"we estimate inter-rater agreement using a statistic like Cohen's Kappa or Krippendorff's Alpha.7 When agreement among raters is high, we are more confident in the ratings.",See the Inter-Rater Reliability and Agreement Supplement. (fn 7; part of the Empirical Standards),https://github.com/acmsigsoft/EmpiricalStandards
empirical_standards_for_software_enginee,"Price 2014, The NIPS experiment","Price 2014, The NIPS experiment",numericfact,False,False,supports,False,high,The Scientific Basis of Empirical Standards (fn 8),We know that peer reviewers exhibit low inter-rater agreement.8,Eric Price 2014. The NIPS experiment. https://blog.mrtz.org/2014/12/15/the-nips-experiment.html,https://blog.mrtz.org/2014/12/15/the-nips-experiment.html
empirical_standards_for_software_enginee,"Bullock & Tubbs 1987, case meta-analysis method (raising inter-rater reliability via decision rules)","Bullock & Tubbs 1987, case meta-analysis method (raising inter-rater reliability via decision rules)",methodology,False,False,supports,False,high,The Scientific Basis of Empirical Standards (fn 9),scientists figured out how to improve inter-rater reliability decades ago.9 ... You keep defining decision rules to guide raters until sufficient agreement is reached.,"R. J. Bullock and M.E. Tubbs, 1987. The case meta-analysis method for OD. Research in organizational change and development, 1, pp.171-228.",
empirical_standards_for_software_enginee,"Plint et al. 2006, Does the CONSORT checklist improve RCT reports? (systematic review)","Plint et al. 2006, Does the CONSORT checklist improve RCT reports? (systematic review)",numericfact,False,False,supports,False,high,The Scientific Basis of Empirical Standards (fn 10),a significant body of research demonstrates that checklists improve consistency and performance in diverse settings including research reporting10 and healthcare11.,"Plint, Moher, Morrison, Schulz, Altman, Hill, Gaboury. Does the CONSORT checklist improve the quality of reports of RCTs? A systematic review. MJA 185(5) (2006): 263-267.",
empirical_standards_for_software_enginee,"Treadwell et al. 2014, Surgical checklists: a systematic review","Treadwell et al. 2014, Surgical checklists: a systematic review",numericfact,False,False,supports,False,high,The Scientific Basis of Empirical Standards (fn 11),checklists improve consistency and performance in diverse settings including research reporting10 and healthcare11.,"Treadwell, Lucas, Tsou. Surgical checklists: a systematic review of impacts and implementation. BMJ Quality & Safety 23.4 (2014): 299-318.",
arrow_low_level_augmented_bayesian_optim,CherryPick (Alipourfard et al.),CherryPick / Naive BO (Alipourfard et al.),steppingstone,False,True,refutes,False,high,"III-B, V-B, VI-A",We implement a BO (as prescribed by CherryPick) to examine four different kernel functions ... The proposed low-level augmented Bayesian Optimization (Augmented BO) outperforms the naive Bayesian Optimization (Naive BO) [4].,"[4] O. Alipourfard et al., CherryPick: Adaptively Unearthing the Best Cloud Configurations for Big Data Analytics, NSDI 17, pp. 469-482.",
arrow_low_level_augmented_bayesian_optim,CherryPick (Alipourfard et al.),"CherryPick protocol: Matern 5/2 kernel, EI acquisition, 10% EI stopping",methodology,False,True,neutral,False,high,VI-A,We choose EI as the stopping criteria for Naive BO (as prescribed by CherryPick) ... we choose 10% EI for Naive BO (as prescribed by CherryPick),"[4] O. Alipourfard et al., CherryPick: Adaptively Unearthing the Best Cloud Configurations for Big Data Analytics, NSDI 17, pp. 469-482.",
arrow_low_level_augmented_bayesian_optim,PARIS (Yadwadkar et al.),PARIS (Yadwadkar et al.),numericfact,False,False,refutes,False,high,II-D,"even with the availability of data, performance predictability remains an issue. For instance, PARIS shows up to 50% RMSE (Root Mean Squared Error) while predicting performance.","[1] N. J. Yadwadkar, B. Hariharan, J. E. Gonzalez, B. Smith, R. Katz, Selecting the Best VM across Multiple Public Clouds, SoCC'17, 2017.",
arrow_low_level_augmented_bayesian_optim,PARIS (Yadwadkar et al.) - 'over 100 VM types' and 20x/10x spread,PARIS (Yadwadkar et al.) - 'over 100 VM types' and 20x/10x spread,numericfact,False,False,supports,False,medium,"I, II-C","cloud service providers (Amazon, Google, and Azure) offer over 100 virtual machines (VM) types [1] ... Prior work reports similar results [4], [1].","[1] N. J. Yadwadkar, B. Hariharan, J. E. Gonzalez, B. Smith, R. Katz, Selecting the Best VM across Multiple Public Clouds, SoCC'17, 2017.",
arrow_low_level_augmented_bayesian_optim,"Inside-Out (Hsu, Panta, Ra, Freeh)","Inside-Out (Hsu, Panta, Ra, Freeh)",sanitycheck,True,False,supports,False,high,"III-B, IV-A",Our prior experience [5] indicates that it is possible to have non-smooth performance outcome for a given workload on different VMs.,"[5] C.-J. Hsu, R. K. Panta, M.-r. Ra, V. W. Freeh, Inside-Out: Reliable Performance Prediction for Distributed Storage Systems in the Cloud, SRDS 2016, pp. 127-136.",
arrow_low_level_augmented_bayesian_optim,HiBench / spark-perf workloads,HiBench benchmark suite,dataset,False,True,neutral,False,high,V-A,"We choose distinct workloads from HiBench and spark-perf, as listed in Table I. HiBench is a big data benchmark suite for Apache Hadoop and Spark [33].",[33] Hibench. https://github.com/intel-hadoop/HiBench,https://github.com/intel-hadoop/HiBench
arrow_low_level_augmented_bayesian_optim,HiBench / spark-perf workloads,spark-perf benchmark suite (Databricks),dataset,False,True,neutral,False,high,V-A,"Similarly, spark-perf is a performance testing suite for Spark [34]. The testing suite provides a wide range of workloads including supervised learning",[34] spark-perf. https://github.com/databricks/spark-perf,https://github.com/databricks/spark-perf
arrow_low_level_augmented_bayesian_optim,Apache Hadoop 2.7,Apache Hadoop 2.7,software,False,True,neutral,False,high,"II-B, V-A","We choose Apache Hadoop (version 2.7) and Apache Spark (version 1.5 and 2.1) as our software system [14], [15].",[14] Apache hadoop. https://hadoop.apache.org,https://hadoop.apache.org
arrow_low_level_augmented_bayesian_optim,Apache Spark 1.5 / 2.1,Apache Spark 1.5 / 2.1,software,False,True,neutral,False,high,"II-B, V-A","We choose Apache Hadoop (version 2.7) and Apache Spark (version 1.5 and 2.1) as our software system [14], [15].",[15] Apache spark. https://spark.apache.org,https://spark.apache.org
arrow_low_level_augmented_bayesian_optim,Amazon Web Services EC2 (18 VM types),Amazon Web Services EC2 (18 VM types),software,False,True,neutral,False,high,"II-B, V-A",we conducted a large-scale evaluation using different workloads and software systems on Amazon Web Services (AWS) [13].,[13] Amazon web services. https://aws.amazon.com,https://aws.amazon.com
arrow_low_level_augmented_bayesian_optim,sysstat (Linux low-level metrics collector),sysstat (Linux low-level metrics collector),software,False,True,neutral,False,high,V-A,"During the execution of the workload, a sysstat demon is run in the background to collect low-level performance information [26].",[26] sysstat. http://sebastien.godard.pagesperso-orange.fr,http://sebastien.godard.pagesperso-orange.fr
arrow_low_level_augmented_bayesian_optim,SMBO formalism (SigOpt Bayesian Optimization Primer),SMBO formalism (SigOpt Bayesian Optimization Primer),methodology,False,True,supports,False,medium,II-D,Sequential model-based optimization (SMBO) iteratively measures solutions (VM types) to optimize for an objective (execution time or deployment cost) [9]. ... A typical SMBO algorithm is described in Algorithm 1.,"[9] I. Dewancker, M. McCourt, S. Clark, Bayesian Optimization Primer, 2015.",https://sigopt.com/static/pdf/SigOpt_Bayesian_Optimization_Primer.pdf
arrow_low_level_augmented_bayesian_optim,BO acquisition functions PI/EI/GP-UCB (Shahriari et al. review),BO acquisition functions PI/EI/GP-UCB (Shahriari et al. review),methodology,False,True,neutral,False,medium,III-A,"Common acquisition functions are Probability of Improvement (PI), Expected Improvement (EI), and Gaussian Process Upper Confidence Bound (GP-UCB) [10]. ... In practice, EI is effective and used in CherryPick.","[10] B. Shahriari, K. Swersky, Z. Wang, R. P. Adams, N. De Freitas, Taking the human out of the loop: A review of Bayesian optimization, Proc. IEEE 104(1), 2016.",
arrow_low_level_augmented_bayesian_optim,GP-UCB Bayesian optimization (Brochu),RBF vs Matern kernel families (Brochu et al. tutorial),methodology,False,True,neutral,False,medium,III-B,"RBF: Radial Basis Function is a widely used kernel. However, RBF considers the effects of features on the covariance equally [7], which may not be realistic.","[7] E. Brochu, V. M. Cora, N. De Freitas, A tutorial on Bayesian optimization of expensive cost functions..., ArXiv, 2010.",
arrow_low_level_augmented_bayesian_optim,Sobol quasi-random initial sampling,Sobol quasi-random initial sampling,methodology,False,True,refutes,False,low,III-C,"A common approach is a quasi-random method which uniformly selects very distinct VMs [25]. ... in practice, we have seen that BO is sensitive to initial points","[25] I. M. Sobol, On quasi-monte carlo integrations, Mathematics and Computers in Simulation 47(2), pp. 103-112, 1998.",
arrow_low_level_augmented_bayesian_optim,Energy-time trade-off product (HPC),Energy-time trade-off product (HPC),methodology,False,True,supports,False,medium,VI-B,We propose a new measure called time-cost product which is similar to an energy-time trade-off in high-performance computing [35].,"[35] Analyzing the energy-time trade-off in high-performance computing applications, IEEE TPDS 18(6), pp. 835-848, 2007.",
arrow_low_level_augmented_bayesian_optim,AWS EC2 document history (update frequency),AWS EC2 document history (update frequency),numericfact,False,False,supports,False,medium,II-C,"AWS, for instance, has a significant upgrade on its service two times a month on average [16]. As of December 2017, AWS provides 71 active VM types.",[16] Aws ec2 document history. http://docs.aws.amazon.com/AWSEC2/latest/UserGuide/DocumentHistory.html,http://docs.aws.amazon.com/AWSEC2/latest/UserGuide/DocumentHistory.html
arrow_low_level_augmented_bayesian_optim,"Table-based storage models (Anderson, HP Labs)","Table-based storage models (Anderson, HP Labs)",sanitycheck,False,False,supports,False,medium,IV-B,This is similar to the reasoning technique used in practical settings by experts and the table based models [29].,"[29] E. Anderson, Simple table-based modeling of storage devices, Technical Report HPL-SSP-2001-04, HP Laboratories, 2001.",
arrow_low_level_augmented_bayesian_optim,CART / decision trees,CART storage performance prediction (Wang et al.),sanitycheck,False,False,supports,False,medium,IV-B,"The tree-based learning method is effective to capture complex performance behavior [30], [31], [32], [5], [1].","[30] Storage device performance prediction with CART models, MASCOTS 2004, pp. 588-595.",
arrow_low_level_augmented_bayesian_optim,DeepDive (performance interference in VMs),DeepDive (performance interference in VMs),sanitycheck,False,False,supports,False,medium,II-D,"this is not true in a cloud environment due to the sharing infrastructure, and therefore, performance interference is unavoidable [12].","[12] DeepDive: Transparently Identifying and Managing Performance Interference in Virtualized Environments, USENIX ATC'13, pp. 219-230.",
fast2_an_intelligent_assistant_for_findi,Yu et al. SLR corpora / FASTREAD,"FASTREAD (Yu, Kraft, Menzies 2018)",steppingstone,True,True,supports,False,high,3.3.3 Treatments,"four different treatments are tested, including the random sampling tactic from FASTREAD (Yu et al., 2018) as a baseline","Yu, Z., Kraft, N. A., and Menzies, T. (2018). Finding better active learners for faster literature reviews. Empirical Software Engineering, pages 1-26.",
fast2_an_intelligent_assistant_for_findi,Yu et al. SLR corpora / FASTREAD,FASTREAD active learner (Yu et al. 2018) as code base,software,True,True,supports,False,high,6.1 FAST2,"we propose our new reading tool FAST2 which is built on top of FASTREAD (Yu et al., 2018)","Yu, Z., Kraft, N. A., and Menzies, T. (2018). Finding better active learners for faster literature reviews. Empirical Software Engineering, pages 1-26.",
fast2_an_intelligent_assistant_for_findi,Yu et al. SLR corpora / FASTREAD,FASTREAD reported gains (Yu et al. 2018),numericfact,True,False,supports,False,medium,2.4 FASTREAD,FASTREAD reviews up to 50% fewer papers while finding the same number of relevant papers,"Yu, Z., Kraft, N. A., and Menzies, T. (2018). Finding better active learners for faster literature reviews. Empirical Software Engineering, pages 1-26.",
fast2_an_intelligent_assistant_for_findi,"32 active learners comparison, Figure 2 (Yu et al. 2018)","32 active learners comparison, Figure 2 (Yu et al. 2018)",replication,True,False,supports,False,low,2.4 / Figure 2,Figure 2: Median results (over 30 runs) of 32 active learning algorithms and manual review (linear review) across the four datasets of Table 1.,"Yu, Z., Kraft, N. A., and Menzies, T. (2018). Finding better active learners for faster literature reviews. Empirical Software Engineering, pages 1-26.",
fast2_an_intelligent_assistant_for_findi,Scott-Knott ranking,Scott-Knott + nonparametric tests protocol (Yu et al. 2018),statmethod,True,True,supports,False,medium,3.3.2 Performance Metrics,"As suggested in the authors' prior work (Yu et al., 2018), nonparametric hypothesis tests are applied to handle the non-normal distribution.","Yu, Z., Kraft, N. A., and Menzies, T. (2018). Finding better active learners for faster literature reviews. Empirical Software Engineering, pages 1-26.",
fast2_an_intelligent_assistant_for_findi,Cormack & Grossman TAR methods,Auto-BM25 seeding (Cormack & Grossman 2015),steppingstone,False,True,refutes,False,high,3.4 Results,Auto-BM25 is considered as a depreciated version of Rank-BM25 since it never ranks better than Rank-BM25 (worse in three and similarly in one dataset).,"Cormack, G. V. and Grossman, M. R. (2015). Autonomy and reliability of continuous active learning for technology-assisted review. arXiv preprint arXiv:1504.06868.",arXiv:1504.06868
fast2_an_intelligent_assistant_for_findi,Cormack & Grossman TAR methods,Auto-Syn seeding (Cormack & Grossman 2015),steppingstone,False,True,refutes,False,high,3.4 Results,"Auto-Syn is not recommended. It requires human experts to synthesize example relevant text, which is a difficult task.","Cormack, G. V. and Grossman, M. R. (2015). Autonomy and reliability of continuous active learning for technology-assisted review. arXiv preprint arXiv:1504.06868.",arXiv:1504.06868
fast2_an_intelligent_assistant_for_findi,Cormack & Grossman TAR methods,PRESUME presumptive non-relevant examples (Cormack & Grossman 2015),methodology,False,True,supports,False,high,3.1 / 3.2 Method,Our solution to this problem is based on presumptive non-relevant examples (shortened as PRESUME in the rest of this paper) proposed in the legal literature by Cormack and Grossman (2015).,"Cormack, G. V. and Grossman, M. R. (2015). Autonomy and reliability of continuous active learning for technology-assisted review. arXiv preprint arXiv:1504.06868.",arXiv:1504.06868
fast2_an_intelligent_assistant_for_findi,BM25 ranking (Robertson et al. 2009),BM25 ranking (Robertson et al. 2009),methodology,False,True,supports,False,high,3.1 Related Work / Algorithm 2,"rank the unlabeled examples with their corresponding BM25 scores, which is calculated based on tf-idf (Robertson et al., 2009)","Robertson, S., Zaragoza, H., et al. (2009). The probabilistic relevance framework: Bm25 and beyond. Foundations and Trends in Information Retrieval, 3(4):333-389.",
fast2_an_intelligent_assistant_for_findi,Wallace'13 prevalence estimator (Wallace et al. 2013a),Wallace'13 prevalence estimator (Wallace et al. 2013a),steppingstone,False,True,refutes,False,high,4.4 Results,The SEMI estimator (in blue) is not only more accurate than the Wallace'13 estimator (in green) but also the estimation from uniform random sampling (in red).,"Wallace, B. C., Dahabreh, I. J., Moran, K. H., Brodley, C. E., and Trikalinos, T. A. (2013a). Active literature discovery for scoping evidence reviews: How many needles are there. KDD-DMH.",
fast2_an_intelligent_assistant_for_findi,Random search baseline (Bergstra & Bengio; Arcuri & Briand),Uniform random sampling baseline result (Wallace et al. 2013a),numericfact,False,False,supports,False,medium,4.3 footnote 4,It was observed to estimate more accurately than the Wallace'13 estimator according to Wallace et al. (2013a).,"Wallace, B. C., Dahabreh, I. J., Moran, K. H., Brodley, C. E., and Trikalinos, T. A. (2013a). Active literature discovery for scoping evidence reviews: How many needles are there. KDD-DMH.",
fast2_an_intelligent_assistant_for_findi,"Ros'17 stopping rule (Ros, Bjarnason, Runeson 2017)","Ros'17 stopping rule (Ros, Bjarnason, Runeson 2017)",steppingstone,False,True,refutes,False,high,4.4 Results / Table 4,we observe that Ros'17 usually stops too early and results in a low recall,"Ros, R., Bjarnason, E., and Runeson, P. (2017). A machine learning approach for semi-automated search and selection in literature studies. EASE 2017, pages 118-127. ACM.",
fast2_an_intelligent_assistant_for_findi,Cormack & Grossman TAR methods,Cormack'16 knee stopping rule (Cormack & Grossman 2016a),steppingstone,False,True,refutes,False,high,4.4 Results / Table 4,Cormack'16 results in a large range of recalls which the user has no control of,"Cormack, G. V. and Grossman, M. R. (2016a). Engineering quality and reliability in technology-assisted review. SIGIR 2016, pages 75-84. ACM.",
fast2_an_intelligent_assistant_for_findi,Cormack & Grossman TAR methods,Cormack'17 knee-based error correction (Cormack & Grossman 2017),steppingstone,False,True,refutes,False,high,5.4 Results / Table 5,Cormack'17 is the least stable treatment among the four.,"Cormack, G. V. and Grossman, M. R. (2017). Navigating imprecision in relevance assessments on the road to total recall: Roger and me. SIGIR 2017, pages 5-14.",
fast2_an_intelligent_assistant_for_findi,Cormack & Grossman TAR methods,70% precision / 70% recall human reviewer (Cormack & Grossman 2017),numericfact,False,False,supports,False,high,5.1 Related Work / Algorithm 4 IncludeError,Cormack and Grossman (2017) concluded that a human reviewer could achieve on the order of 70% recall and 70% precision.,"Cormack, G. V. and Grossman, M. R. (2017). Navigating imprecision in relevance assessments on the road to total recall: Roger and me. SIGIR 2017, pages 5-14.",
fast2_an_intelligent_assistant_for_findi,Kuhrmann'17 majority vote (Kuhrmann et al. 2017),Kuhrmann'17 majority vote (Kuhrmann et al. 2017),steppingstone,False,True,refutes,False,high,5.4 Results / Table 5,"In general, we do not suggest Kuhrmann'17 since recall is most important.","Kuhrmann, M., Fernndez, D. M., and Daneva, M. (2017). On the pragmatic design of literature studies in software engineering: an experience-based guideline. EMSE, 22(6):2852-2891.",
fast2_an_intelligent_assistant_for_findi,Yu et al. SLR corpora / FASTREAD,Hall SLR dataset (Hall et al. 2012),dataset,False,True,supports,True,high,3.3.1 Datasets / Table 1,"Previously, we have created three datasets by reverse-engineering existing SLRs (Yu et al., 2018) ... Hall dataset from Hall et al. (2012)","Hall, T., Beecham, S., Bowes, D., Gray, D., and Counsell, S. (2012). A systematic literature review on fault prediction performance in software engineering. IEEE TSE, 38(6):1276-1304.",
fast2_an_intelligent_assistant_for_findi,Yu et al. SLR corpora / FASTREAD,Wahono SLR dataset (Wahono 2015),dataset,False,True,supports,True,high,3.3.1 Datasets / Table 1,"Wahono dataset from Wahono (2015) ... In this paper, we use the same four datasets to evaluate different techniques.","Wahono, R. S. (2015). A systematic literature review of software defect prediction: research trends, datasets, methods and frameworks. Journal of Software Engineering, 1(1):1-16.",
fast2_an_intelligent_assistant_for_findi,Yu et al. SLR corpora / FASTREAD,Radjenovic SLR dataset (Radjenovic et al. 2013),dataset,False,True,supports,True,high,3.3.1 Datasets / Table 1,"Radjenović dataset from Radjenović et al. (2013). Apart from the three created datasets, one dataset (Kitchenham) is provided directly","Radjenović, D., Heričko, M., Torkar, R., and Živkovič, A. (2013). Software fault prediction metrics: A systematic literature review. IST, 55(8):1397-1418.",
fast2_an_intelligent_assistant_for_findi,Yu et al. SLR corpora / FASTREAD,Kitchenham SLR dataset (Kitchenham & Brereton 2013),dataset,False,True,supports,False,high,3.3.1 Datasets / Acknowledgement,one dataset (Kitchenham) is provided directly by the author of Kitchenham and Brereton (2013),"Kitchenham, B. and Brereton, P. (2013). A systematic review of systematic review process research in software engineering. IST, 55(12):2049-2075.",
fast2_an_intelligent_assistant_for_findi,scikit-learn,scikit-learn LogisticRegression / SVM,software,False,True,supports,False,high,4.2 Method,"the LogisticRegression function is implemented with scikit-learn, and its regularization strength C is calculated as C = |RE|/(|L|-|LR|)",,
fast2_an_intelligent_assistant_for_findi,Yu et al. SLR corpora / FASTREAD,fastread/src Zenodo package (Yu & Menzies 2017),dataset,True,True,supports,False,medium,3.3.1 Datasets,"All the above datasets are available online (Yu and Menzies, 2017).","Yu, Z. and Menzies, T. (2017). fastread/src: Fast2. https://doi.org/10.5281/zenodo.1184123.",https://doi.org/10.5281/zenodo.1184123
fast2_an_intelligent_assistant_for_findi,Scott-Knott ranking,Scott-Knott clustering (Scott & Knott 1974),statmethod,False,True,supports,False,high,3.3.2 Performance Metrics,Scott-Knott analysis was applied to cluster and rank the performance (X95) of each treatment.,"Scott, A. J. and Knott, M. (1974). A cluster analysis method for grouping means in the analysis of variance. Biometrics, pages 507-512.",
fast2_an_intelligent_assistant_for_findi,Scott-Knott ranking,Scott-Knott recommendation (Mittas & Angelis 2013),statmethod,False,True,supports,False,high,3.3.2 Performance Metrics,"As recommended by Mittas & Angelis in their 2013 IEEE TSE paper (Mittas and Angelis, 2013), Scott-Knott analysis was applied","Mittas, N. and Angelis, L. (2013). Ranking and clustering software cost estimation models through a multiple comparisons algorithm. IEEE TSE, 39(4):537-551.",
fast2_an_intelligent_assistant_for_findi,Bootstrap significance test (Efron),Bootstrap significance test (Efron 1982),statmethod,False,True,supports,False,high,3.3.2 Performance Metrics,"Scott-Knott decided two methods are not of little difference if both bootstrapping (Efron, 1982), and an effect size test (Cliff, 1993) agreed","Efron, B. (1982). The jackknife, the bootstrap and other resampling plans. SIAM.",
fast2_an_intelligent_assistant_for_findi,Cliff's delta effect size,Cliff's delta effect size (Cliff 1993),statmethod,False,True,supports,False,high,3.3.2 Performance Metrics,not a negligible effect (Cliff's Delta >= 0.147),"Cliff, N. (1993). Dominance statistics: Ordinal analyses to answer ordinal questions. Psychological Bulletin, 114(3):494.",
fast2_an_intelligent_assistant_for_findi,WSS@95 metric and 95% recall target (Cohen 2011),WSS@95 metric and 95% recall target (Cohen 2011),methodology,False,True,supports,False,high,1.3 Caveats / 3.3.2 / 4.2,"our success criteria is ""work saved oversampling at 95% recall"" (WSS@95) (Cohen, 2011)","Cohen, A. M. (2011). Performance of support-vector-machine-based classification on 15 systematic review topics evaluated with the wss@95 measure. JAMIA, 18(1):104-104.",
fast2_an_intelligent_assistant_for_findi,Yu et al. SLR corpora / FASTREAD,"SLR framework, primary study selection (Kitchenham 2004)",methodology,False,False,supports,False,medium,1.3 Caveats,"in the terminology of Kitchenham's systematic literature review (SLR) (Kitchenham, 2004) framework, this ""initial skim"" is the primary study selection phase","Kitchenham, B. (2004). Procedures for performing systematic reviews. Keele, UK, Keele University, 33(2004):1-26.",
fast2_an_intelligent_assistant_for_findi,Threats-to-validity framework (Feldt & Magazinius),Validity threat taxonomy (Feldt & Magazinius 2010),methodology,False,False,supports,False,medium,6.2 Threats to Validity,"There are several validity threats to the design of this study (Feldt and Magazinius, 2010).","Feldt, R. and Magazinius, A. (2010). Validity threats in empirical software engineering research-an initial survey. In SEKE, pages 374-379.",
fast2_an_intelligent_assistant_for_findi,One minute per paper estimate (Shemilt et al. 2016),One minute per paper estimate (Shemilt et al. 2016),numericfact,False,False,supports,False,high,1 Introduction,Shemilt et al. (2016) estimated that assessing one paper for relevancy takes at least one minute.,"Shemilt, I., Khan, N., Park, S., and Thomas, J. (2016). Use of cost-effectiveness analysis to compare the efficiency of study identification methods in systematic reviews. Systematic reviews, 5(1):140.",
fast2_an_intelligent_assistant_for_findi,Empirical SE guidelines (Wohlin et al.),Snowballing precision 6.8% (Wohlin 2014) and 23.4% (Jalali & Wohlin 2012),numericfact,False,False,supports,False,medium,2.2 Automatic Tool Support,"Wohlin reported in one of his studies as precision to be 6.8% (Wohlin, 2014) while in another study as precision to be 15/64 = 23.4%","Wohlin, C. (2014). Guidelines for snowballing in systematic literature studies and a replication in software engineering. EASE 2014, page 38. ACM.",
fast2_an_intelligent_assistant_for_findi,Semi-supervised recall <95% at 30% labeled (Liu et al. 2016),Semi-supervised recall <95% at 30% labeled (Liu et al. 2016),numericfact,False,False,supports,False,medium,2.2 Automatic Tool Support,Liu et al. (2016) reported a less than 95% recall with 30% data labeled,"Liu, J., Timsina, P., and El-Gayar, O. (2016). A comparative analysis of semi-supervised learning: The case of article selection for medical systematic reviews. Information Systems Frontiers.",
fast2_an_intelligent_assistant_for_findi,Select-papers is hardest SLR step (Carver et al. 2013),Select-papers is hardest SLR step (Carver et al. 2013),numericfact,False,False,supports,False,medium,Figure 1 / 1.3 Caveats,"Carver et al. (2013) polled researchers who have conducted literature reviews. According to their votes, select papers was one of the hardest, most time-consuming tasks","Carver, J. C., Hassler, E., Hernandes, E., and Kraft, N. A. (2013). Identifying barriers to the systematic literature review process. ESEM 2013, pages 203-212. IEEE.",
fast2_an_intelligent_assistant_for_findi,Abstract-based methods outperform alternatives (Kanoulas et al. 2017; Roegiest et al. 2015),Abstract-based methods outperform alternatives (Kanoulas et al. 2017; Roegiest et al. 2015),sanitycheck,False,False,supports,False,medium,2.3 Abstract-based Methods,"Several studies show that the performance of abstract-based methods is better than other approaches (Kanoulas et al., 2017; Roegiest et al., 2015).","Kanoulas, E., Li, D., Azzopardi, L., and Spijker, R. (2017). Overview of the CLEF technologically assisted reviews in empirical medicine. CLEF 2017 Working Notes.",
fast2_an_intelligent_assistant_for_findi,Aha's mixed-data distance,Class probability estimates unreliable for imbalanced data (Wallace & Dahabreh 2012),sanitycheck,False,False,supports,False,medium,4.2 Method,"The challenges for building such a class probability estimator include the class imbalance of training data (Wallace and Dahabreh, 2012)","Wallace, B. C. and Dahabreh, I. J. (2012). Class probability estimates are unreliable for imbalanced data (and how to fix them). ICDM 2012, pages 695-704. IEEE.",
fast2_an_intelligent_assistant_for_findi,95% recall accepted in evidence-based medicine (O'Mara-Eves et al. 2015),95% recall accepted in evidence-based medicine (O'Mara-Eves et al. 2015),sanitycheck,False,False,supports,False,medium,3.3.2 Performance Metrics,"0.95 recall is usually considered acceptable in evidence-based medicine (Cohen, 2011; Cohen et al., 2006; O'Mara-Eves et al., 2015)","O'Mara-Eves, A., Thomas, J., McNaught, J., Miwa, M., and Ananiadou, S. (2015). Using text mining for study identification in systematic reviews. Systematic reviews, 4(1):5.",
finding_better_active_learners_for_faste,Wallace'10 patient active learning (PUSA),Wallace'10 patient active learning (PUSA),steppingstone,False,True,refutes,False,high,4 Technical Details; 6 Results RQ2,The PUSA approach advocated by Wallace'10 [62] ... Neither of the three state-of-the-art treatments consistently performs the best.,"62. Wallace, B.C., Trikalinos, T.A., Lau, J., Brodley, C., Schmid, C.H.: Semi-automated screening of biomedical citations for systematic reviews. BMC bioinformatics 11(1) (2010)",
finding_better_active_learners_for_faste,"Wallace'10 components: patient start, uncertainty sampling, stop when stable, aggressive undersampling","Wallace'10 components: patient start, uncertainty sampling, stop when stable, aggressive undersampling",methodology,False,True,supports,False,high,4 Technical Details,"As suggested by Wallace et al. [62], 'hasty generation' ... may lead to poor performance ... A stands for 'aggressive undersampling' ... as suggested by Wallace'10 [62].","62. Wallace, B.C., Trikalinos, T.A., Lau, J., Brodley, C., Schmid, C.H.: Semi-automated screening of biomedical citations for systematic reviews. BMC bioinformatics 11(1) (2010)",
finding_better_active_learners_for_faste,Miwa'14 Certainty plus Weighting (PCTW),Miwa'14 Certainty plus Weighting (PCTW),steppingstone,False,True,refutes,False,high,4 Technical Details; 6 Results RQ2,The PCTW approach advocated by Miwa'14 [40] ... this treatment dramatically out-performs all three state-of-the-art treatments by requiring 20-50% fewer studies,"40. Miwa, M., Thomas, J., OMara-Eves, A., Ananiadou, S.: Reducing systematic review workload through certainty-based screening. J. biomedical informatics 51, 242-253 (2014)",
finding_better_active_learners_for_faste,"Miwa'14 components: certainty sampling, class weighting, continue training","Miwa'14 components: certainty sampling, class weighting, continue training",methodology,False,True,supports,False,high,4 Technical Details,W stands for 'Weighting'. The algorithm utilizes Weighting for data balancing ... as suggested by Miwa'14 [40].,"40. Miwa, M., Thomas, J., OMara-Eves, A., Ananiadou, S.: Reducing systematic review workload through certainty-based screening. J. biomedical informatics 51, 242-253 (2014)",
finding_better_active_learners_for_faste,Cormack & Grossman TAR methods,Cormack'14 continuous active learning (HCTN),steppingstone,False,True,refutes,False,high,4 Technical Details; 6 Results RQ2,The HCTN approach advocated by Cormack'14 [11] ... Neither of the three state-of-the-art treatments consistently performs the best.,"11. Cormack, G.V., Grossman, M.R.: Evaluation of machine-learning protocols for technology-assisted review in electronic discovery. SIGIR 2014, pp. 153-162",
finding_better_active_learners_for_faste,Cormack & Grossman TAR methods,"Cormack'14/'15 components: hasty start, continue training, no balancing",methodology,False,True,supports,False,high,4 Technical Details,"The algorithm starts training as soon as ONE 'relevant' study is retrieved, as suggested in Cormack'14 [11, 12].","11. Cormack, G.V., Grossman, M.R.: Evaluation of machine-learning protocols for technology-assisted review in electronic discovery. SIGIR 2014; 12. Cormack & Grossman arXiv:1504.06868 (2015)",https://arxiv.org/abs/1504.06868
finding_better_active_learners_for_faste,Cormack & Grossman TAR methods,Recall vs. studies-reviewed curve (Cormack et al.),methodology,False,True,supports,False,high,5.1 Performance Metrics,"This performance metrics is suggested by Cormack et al. [11,12,55] and best fits the objectives of excluding irrelevant studies problem.","11. Cormack & Grossman SIGIR 2014; 12. Cormack & Grossman arXiv:1504.06868 (2015); 55. Tredennick, J.: TAR for Smart People. Catalyst (2015)",
finding_better_active_learners_for_faste,WSS@95 metric (Cohen),WSS@95 metric (Cohen),methodology,False,True,supports,False,high,2 Introduction; 5.1 Performance Metrics,Evaluate the 32 active learning approaches using SE data and the evaluation criteria 'work saved over sampling at 95% recall' (WSS@95) [8].,"8. Cohen, A.M.: Performance of support-vector-machine-based classification on 15 systematic review topics evaluated with the wss@95 measure. JAMIA 18(1) (2011)",
finding_better_active_learners_for_faste,0.95 recall acceptance threshold (Cohen et al.; O'Mara-Eves et al.),0.95 recall acceptance threshold (Cohen et al.; O'Mara-Eves et al.),methodology,False,False,supports,False,medium,5.1 Performance Metrics,"0.95 recall is usually considered acceptable in evidence-based medicine [8, 10, 46] despite the fact that there might still be 'relevant' studies missing [53].","10. Cohen, A.M., Hersh, W.R., Peterson, K., Yen, P.Y.: Reducing workload in systematic review preparation using automated citation classification. JAMIA 13(2) (2006)",
finding_better_active_learners_for_faste,Yu et al. SLR corpora / FASTREAD,Wahono SLR dataset (reverse-engineered from Wahono 2015),dataset,False,True,neutral,False,high,5.2 Datasets,three datasets are created reverse-engineering existing SLRs ... Wahono dataset from Wahono et al. 2015 [56],"56. Wahono, R.S.: A systematic literature review of software defect prediction: research trends, datasets, methods and frameworks. J. Software Engineering 1(1), 1-16 (2015)",https://doi.org/10.5281/zenodo.1162952
finding_better_active_learners_for_faste,Yu et al. SLR corpora / FASTREAD,Hall SLR dataset (reverse-engineered from Hall et al. 2012),dataset,False,True,neutral,False,high,5.2 Datasets,Hall dataset from Hall et al. 2012 [23] ... the search string S and the final inclusion list F from the original publication are used for the data collection.,"23. Hall, T., Beecham, S., Bowes, D., Gray, D., Counsell, S.: A systematic literature review on fault prediction performance in software engineering. IEEE TSE 38(6) (2012)",https://doi.org/10.5281/zenodo.1162952
finding_better_active_learners_for_faste,Yu et al. SLR corpora / FASTREAD,Radjenovic SLR dataset (reverse-engineered from Radjenovic et al. 2013),dataset,False,True,neutral,False,high,5.2 Datasets,"Radjenović dataset from Radjenović et al. 2013 [48]. For each of the datasets, the search string S and the final inclusion list F from the original publication are used","48. Radjenović, D., Heričko, M., Torkar, R., Živkovič, A.: Software fault prediction metrics: A systematic literature review. IST 55(8), 1397-1418 (2013)",https://doi.org/10.5281/zenodo.1162952
finding_better_active_learners_for_faste,Yu et al. SLR corpora / FASTREAD,Kitchenham tertiary-study dataset (provided by Kitchenham),dataset,False,True,neutral,False,high,5.2 Datasets,one dataset (Kitchenham) is provided directly by the author of Kitchenham et al. 2010 [31] and includes two levels of relevance information.,"31. Kitchenham, B., Pretorius, R., Budgen, D., Brereton, O.P., Turner, M., Niazi, M., Linkman, S.: Systematic literature reviews in software engineering-a tertiary study. IST 52(8) (2010)",https://doi.org/10.5281/zenodo.1162952
finding_better_active_learners_for_faste,scikit-learn,"scikit-learn (TfidfVectorizer, linear SVM)",software,False,True,neutral,False,high,5.4 Controlled Variables,TfidfVectorizer in scikit-learn is utilized for the above preprocessing and featurization steps ... All 32 treatments use the same classifier- linear SVM from scikit-learn.,no reference entry; named in text,
finding_better_active_learners_for_faste,SVM,Linear SVM (Joachims; Cortes & Vapnik),methodology,False,True,supports,False,medium,4 Technical Details,Linear SVM [28] has been proved to be a useful model in SE text mining [33] and is applied in the state-of-the-art active learning methods,"28. Joachims, T.: Training linear svms in linear time. KDD 2006, pp. 217-226; 13. Cortes, C., Vapnik, V.: Support-vector networks. Machine learning 20(3) (1995)",
finding_better_active_learners_for_faste,Config-tuning and analytics data (Fu; Jamshidi; Guo; Ha; Weber; Krishna),Krishna et al. BigSE text mining (linear SVM useful in SE text),sanitycheck,True,False,supports,False,medium,4 Technical Details,Linear SVM [28] has been proved to be a useful model in SE text mining [33],"33. Krishna, R., Yu, Z., Agrawal, A., Dominguez, M., Wolf, D.: The bigse project: lessons learned from validating industrial text mining. BIGDSE 2016, pp. 65-71",
finding_better_active_learners_for_faste,Abstrackr tool (Wallace et al.),Abstrackr tool (Wallace et al.),steppingstone,False,True,refutes,False,high,3.1.3 Evidence-based Medicine Tools,"we tried all three tools with one of our dataset- Hall set ... after reviewing 1000 studies, only 10 to 15 relevant ones were found, which was very close to a random sampling","59. Wallace, B.C., Small, K., Brodley, C.E., Lau, J., Trikalinos, T.A.: Deploying an interactive machine learning system in an evidence-based practice center: abstrackr. IHI 2012",http://abstrackr.cebm.brown.edu
finding_better_active_learners_for_faste,EPPI-Reviewer tool (Thomas et al.),EPPI-Reviewer tool (Thomas et al.),steppingstone,False,True,refutes,False,high,3.1.3 Evidence-based Medicine Tools,we tried all three tools with one of our dataset- Hall set ... the active learning parts alone in these tools are depreciated.,"54. Thomas, J., Brunton, J., Graziosi, S.: Eppi-reviewer 4.0: software for research synthesis (2010)",http://eppi.ioe.ac.uk/cms/er4/
finding_better_active_learners_for_faste,Rayyan tool (Ouzzani et al.),Rayyan tool (Ouzzani et al.),steppingstone,False,True,refutes,False,high,3.1.3 Evidence-based Medicine Tools,"we tried all three tools with one of our dataset- Hall set (104 relevant in 8911 studies) and after reviewing 1000 studies, only 10 to 15 relevant ones were found","45. Ouzzani, M., Hammady, H., Fedorowicz, Z., Elmagarmid, A.: Rayyan-a web and mobile app for systematic reviews. Systematic Reviews 5(1), 210 (2016)",10.1186/s13643-016-0384-4
finding_better_active_learners_for_faste,Scott-Knott ranking,Scott-Knott ranking,statmethod,False,True,neutral,False,medium,6 Results; 9 Threats to Validity,Table 2: Scott-Knott analysis for number of studies reviewed/ work saved over sampling to reach 95% recall ... we employed several statistical tests (Scott-Knott),no reference entry given for Scott-Knott,
finding_better_active_learners_for_faste,"Shemilt review-cost estimates (1 min abstract, 4+5 min full text)","Shemilt review-cost estimates (1 min abstract, 4+5 min full text)",numericfact,False,False,supports,False,high,6 Results RQ3,"Suppose CD = 9CA, following the estimation that Shemilt made: 1 minute to screen a title-abstract record, 4 minutes to retrieve a full-text study report, and 5 minutes to screen","53. Shemilt, I., Khan, N., Park, S., Thomas, J.: Use of cost-effectiveness analysis to compare the efficiency of study identification methods in systematic reviews. Systematic reviews 5(1), 140 (2016)",
finding_better_active_learners_for_faste,Shemilt: missing 5% not a major impediment,Shemilt: missing 5% not a major impediment,sanitycheck,False,False,supports,False,medium,8.1 What is missed?,we infer that missing 5% of the papers is not a major impediment to using FASTREAD. Similar conclusion was derived by Shemilt et al. in 2016 [53].,"53. Shemilt, I., Khan, N., Park, S., Thomas, J.: Use of cost-effectiveness analysis to compare the efficiency of study identification methods in systematic reviews. Systematic reviews 5(1), 140 (2016)",
finding_better_active_learners_for_faste,Malheiros: 3 hours per 100 studies reviewed,Malheiros: 3 hours per 100 studies reviewed,numericfact,False,False,supports,False,high,3 Background,Malheiros has documented that it requires 3 hours for one reviewer to review 100 studies [36]. This implies that it is a month's work for one graduate student to review 3000 studies,"36. Malheiros, V., Hohn, E., Pinho, R., Mendonca, M., Maldonado, J.C.: A visual text mining approach for systematic reviews. ESEM 2007, pp. 245-254",
finding_better_active_learners_for_faste,"Bezerra et al.: 3,000 studies sourced, 7 used","Bezerra et al.: 3,000 studies sourced, 7 used",numericfact,False,False,supports,False,medium,3 Background,"An extreme example of this is where reviewers sourced over 3,000 studies, and only used 7 of them in their final review [2].","2. Bezerra, Y.M., Pereira, T.A.B., da Silveira, G.E.: A systematic review of software product lines applied to mobile middleware. ITNG'09, pp. 1024-1029. IEEE (2009)",
finding_better_active_learners_for_faste,Carver/Hassler/Kraft SLR barrier surveys (Fig. 1 data),Carver/Hassler/Kraft SLR barrier surveys (Fig. 1 data),numericfact,True,False,supports,False,high,3 Background; Fig. 1,"Previously we have analyzed the costs of SLRs [6, 25]. As shown in Fig. 1, primary study selection ... is among the top three most difficult as well as time-consuming aspects","6. Carver, J.C., Hassler, E., Hernandes, E., Kraft, N.A.: Identifying barriers to the systematic literature review process. ESEM 2013, pp. 203-212",
finding_better_active_learners_for_faste,Active-learning taxonomy (Settles),"Settles active learning survey (pool-based sampling, uncertainty/certainty query strategies)",methodology,False,False,supports,False,medium,4 Technical Details,"There are also different query strategies of active learning, such as uncertainty sampling ... [51]. Here, we briefly introduce one scenario and two query strategies, which are used in our later experiments","51. Settles, B.: Active learning literature survey. University of Wisconsin, Madison (2010); 52. Settles, B.: Active learning. Synthesis Lectures on AI and ML 6(1) (2012)",
finding_better_active_learners_for_faste,Threats-to-validity framework (Feldt & Magazinius),Feldt & Magazinius validity-threat taxonomy,methodology,False,False,neutral,False,low,9 Threats to Validity,There are several validity threats to the design of this study [15].,"15. Feldt, R., Magazinius, A.: Validity threats in empirical software engineering research-an initial survey. SEKE, pp. 374-379 (2010)",
finding_better_active_learners_for_faste,Ros et al. 2017 ML for SLR search and selection,Ros et al. 2017 ML for SLR search and selection,sanitycheck,False,False,refutes,False,medium,3.1.1 Software Engineering Tools,Ros'17 [50] ... has several limitations such as (a) not comparing against state-of-the-art techniques from other domains; (b) not considering any data balancing; (c) testing only on a single unpublished dataset.,"50. Ros, R., Bjarnason, E., Runeson, P.: A machine learning approach for semi-automated search and selection in literature studies. EASE 2017, pp. 118-127",
finding_better_active_learners_for_faste,Olorisade et al. reproducibility critique of citation-screening studies,Olorisade et al. reproducibility critique of citation-screening studies,sanitycheck,False,False,supports,False,medium,9 Threats to Validity,"Existing active learning techniques in citation screening have been criticized by Olorisade et al. for being not replicable [43, 44]. To this end, we have published all our code","43. Olorisade, B.K., Brereton, P., Andras, P.: Reproducibility of studies on text mining for citation screening in systematic reviews: Evaluation and checklist. J. Biomedical Informatics 73 (2017)",
bellwethers_a_baseline_method_for_transf,TCA+ (Nam et al.),"TCA+ transfer component analysis (Nam, Pan, Kim)",steppingstone,False,True,neutral,False,high,RQ3 / Sec 7.4 / Figs 10-13,"we compare the ""bellwether"" method [20] against 3 other standard transfer learners: (1) TCA+ [10]; (2) Transfer Naive Bayes [21]; and (3) Value Cognitive Boosting [22]","[10] J. Nam, S. J. Pan, and S. Kim, ""Transfer defect learning,"" in Proc. ICSE, 2013, pp. 382-391.",
bellwethers_a_baseline_method_for_transf,TCA+ (Nam et al.),TCA+ defect-prediction result (Nam et al.),replication,False,True,supports,False,medium,Sec 8 RQ3 (defects),TCA+ was generally better than the other three methods with an overall W/T/L ratio of 8/3/5 ... this behavior of TCA+ corroborates with previous findings by other researchers [10],"[10] J. Nam, S. J. Pan, and S. Kim, ""Transfer defect learning,"" in Proc. ICSE, 2013, pp. 382-391.",
bellwethers_a_baseline_method_for_transf,Naive Bayes,"Transfer Naive Bayes, TNB (Ma et al.)",steppingstone,False,True,neutral,False,high,RQ3 / Figs 10-13,"Issue lifetime dataset: From Figure 11, we see that, in this case, TNB outperforms the other three methods. We note a W/T/L ratio for TNB at 7/0/2","[21] Y. Ma, G. Luo, X. Zeng, and A. Chen, ""Transfer learning for cross-company software defect prediction,"" IST, vol. 54, no. 3, pp. 248-256, 2012.",
bellwethers_a_baseline_method_for_transf,SVM,"Value-Cognitive Boosting with SVM, VCB (Ryu et al.)",steppingstone,False,True,neutral,False,high,RQ3 / Figs 11-12,We could not use VCB in code smell detection because our datasets had small sample size ... We could not use VCB in effort estimation either because the class variable was continuous,"[22] D. Ryu, O. Choi, and J. Baik, ""Value-cognitive boosting with a support vector machine for cross-project defect prediction,"" Empir. Softw. Eng.",http://link.springer.com/10.1007/s10664-014-9346-4
bellwethers_a_baseline_method_for_transf,Bellwether transfer learning (Krishna & Menzies),"Bellwether effect / method, ASE'16 (Krishna, Menzies, Fu)",methodology,True,True,supports,False,high,"Sec 1, Sec 5.2",This work presents a significant extension to our initial findings on bellwethers [20] ... Our initial work [20] compared bellwethers against two other transfer learners invented by ourselves,"[20] R. Krishna, T. Menzies, and W. Fu, ""Too Much Automation? The Bellwether Effect and Its Implications for Transfer Learning,"" in ASE'16, 2016.",
bellwethers_a_baseline_method_for_transf,Random forests (Breiman),Random Forests (Breiman),software,False,True,neutral,False,high,Sec 7.1 Learning Methods,"When a specific transfer learner did not endorse the use of any classification/regression scheme, we used Random Forests","[134] L. Breiman, ""Random forests,"" Machine learning, pp. 5-32, 2001.",http://link.springer.com/article/10.1023/A:1010933404324
bellwethers_a_baseline_method_for_transf,Random forests (Breiman),Lessmann et al. benchmark endorsing Random Forests,sanitycheck,False,False,supports,False,high,"Sec 7.1, Sec 10.2",A comprehensive study on defect prediction was conducted by Lessmann et al. [65]. They endorsed the use of Random Forests [134] for defect prediction over several other methods,"[65] S. Lessmann, B. Baesens, C. Mues, and S. Pietsch, ""Benchmarking Classification Models for Software Defect Prediction,"" IEEE TSE, vol. 34, no. 4",http://ieeexplore.ieee.org/lpdocs/epic03/wrapper.htm?arnumber=4527256
bellwethers_a_baseline_method_for_transf,SMOTE (Chawla et al.),SMOTE (Chawla et al.),software,False,True,neutral,False,medium,"Sec 7.1, 7.3, 10.4","To overcome the inherent randomness introduced by Random Forests and SMOTE, we use 30 repeated runs ... SMOTE is only applicable for classification problems","[136] N. V. Chawla, K. W. Bowyer, L. O. Hall, and W. P. Kegelmeyer, ""SMOTE: Synthetic minority over-sampling technique,"" J. Artif. Intell. Res., vol.",
bellwethers_a_baseline_method_for_transf,SMOTE (Chawla et al.),Pelayo & Dick: SMOTE improves defect prediction,sanitycheck,False,False,supports,False,high,Sec 7.1,Pelayo and Dick [135] report that the defect prediction is improved by SMOTE [136],"[135] L. Pelayo and S. Dick, ""Applying Novel Resampling Strategies To Software Defect Prediction,"" in NAFIPS 2007, pp. 69-72.",http://ieeexplore.ieee.org/lpdocs/epic03/wrapper.htm?arnumber=4271036
bellwethers_a_baseline_method_for_transf,"Code-smell datasets, God Class & Feature Envy (Fontana et al.)","Code-smell datasets, God Class & Feature Envy (Fontana et al.)",dataset,False,True,neutral,False,high,Sec 6.1 / Fig 4,"They made available their dataset, which we have adapted for our applications in this study ... The code smells repository we use comprises of 22 datasets for two different code smells","[108] F. Arcelli Fontana, M. V. Mantyla, M. Zanoni, and A. Marino, ""Comparing and experimenting machine learning techniques for code smell",http://dx.doi.org/10.1007/s10664-015-9378-4
bellwethers_a_baseline_method_for_transf,Fontana et al.: RF best for code smell detection,Fontana et al.: RF best for code smell detection,sanitycheck,False,False,supports,False,medium,Sec 7.1,They endorsed the use of Random Forests [134] for defect prediction over several other methods. This was also true in detecting code smells [108],"[108] F. Arcelli Fontana, M. V. Mantyla, M. Zanoni, and A. Marino, ""Comparing and experimenting machine learning techniques for code smell",http://dx.doi.org/10.1007/s10664-015-9378-4
bellwethers_a_baseline_method_for_transf,Software-engineering folklore and fuzzing observations,Qualitas Corpus (Tempero et al.),dataset,False,True,neutral,True,high,Sec 6.1,These datasets were generated using the Qualitas Corpus (QC) of systems [109] ... Fontana et al. [108] selected a subset of 74 systems for their analysis,"[109] E. Tempero, C. Anslow, J. Dietrich, et al., ""Qualitas corpus: A curated collection of java code for empirical studies,"" in APSEC 2010, pp.",
bellwethers_a_baseline_method_for_transf,"Issue lifetime data, 8 GitHub projects (Rees-Jones et al.)","Issue lifetime data, 8 GitHub projects (Rees-Jones et al.)",dataset,True,True,neutral,False,high,Sec 6.2 / Fig 4,Figure 4 shows a list of 8 projects used to study issue lifetimes ... It forms a part of an ongoing study on prediction of issue lifetime by Rees-Jones et al. [113],"[113] M. Rees-jones, M. Martin, C. College, and T. Menzies, ""Better Predictors for Issue Lifetime,"" pp. 1-8, 2017.",
bellwethers_a_baseline_method_for_transf,Sticky-issue removal and feature extraction protocol (Rees-Jones et al.),Sticky-issue removal and feature extraction protocol (Rees-Jones et al.),methodology,True,True,supports,False,high,Sec 6.2,"As recommended by Rees-Jones et al. [113], we removed these sticky issues from our datasets ... we did similar preprocessing and feature extraction on the raw datasets as suggested by [113]","[113] M. Rees-jones, M. Martin, C. College, and T. Menzies, ""Better Predictors for Issue Lifetime,"" pp. 1-8, 2017.",
bellwethers_a_baseline_method_for_transf,COCOMO models and data (Boehm; Menzies),"COCOMO effort datasets NASA93, NASA10, COC10/COC05 (Menzies et al.)",dataset,True,True,neutral,False,high,Sec 6.3 / Fig 4,The data was made available by Menzies et al. [115] who show that this model works better than (or just as well as) other models ... We use 5 datasets shown in Figure 4,"[115] T. Menzies, Y. Yang, G. Mathew, B. Boehm, and J. Hihn, ""Negative results for software effort estimation,"" Empirical Software Engineering, pp.",http://dx.doi.org/10.1007/s10664-016-9472-2
bellwethers_a_baseline_method_for_transf,COCOMO models and data (Boehm; Menzies),COC81 dataset and COCOMO ontology (Boehm),dataset,False,True,neutral,True,high,Sec 6.3 / Fig 7,COC81 is the original data from 1981 COCOMO book [116]. This comes from projects dated from 1970 to 1980 ... The non-proprietary data ... are available at http://tiny.cc/07wvjy,"[116] B. W. Boehm et al., Software engineering economics. Prentice-hall Englewood Cliffs (NJ), 1981, vol. 197.",
bellwethers_a_baseline_method_for_transf,AEEEM defect data (D Ambros et al.),AEEEM defect data (D'Ambros et al.),dataset,False,True,neutral,True,high,Sec 6.4 / Fig 4,"The first dataset, AEEEM, was used by [11]. This dataset was gathered by D'Amborse et al. [128], it contains 61 metrics","[128] M. D'Ambros, M. Lanza, and R. Robbes, ""Evaluating defect prediction approaches: a benchmark and an extensive comparison,"" Empir. Softw. Eng.",http://link.springer.com/10.1007/s10664-011-9173-9
bellwethers_a_baseline_method_for_transf,ReLink defect data (Wu et al.),ReLink defect data (Wu et al.),dataset,False,True,neutral,False,high,Sec 6.4 / Fig 4,"The RELINK community data was obtained from work by Wu et al. [129] who used the Understand tool, to measure 26 metrics","[129] R. Wu, H. Zhang, S. Kim, and S.-C. Cheung, ""ReLink,"" in Proc. 19th ACM SIGSOFT Symp. / 13th Eur. Conf. Found. Softw. Eng. - SIGSOFT/FSE '11",
bellwethers_a_baseline_method_for_transf,"PROMISE / SEACRAFT repository (NASA, SOFTLAB, Jureczko)","Apache/Jureczko PROMISE defect data (Jureczko & Madeyski), via SEACRAFT",dataset,False,True,neutral,True,high,"Sec 6.4 / Fig 4 / RQ2, RQ4",we explored two other communities of datasets from the SEACRAFT repository. The group of data contains defect measures from several Apache projects. It was gathered by Jureczko et al. [133],"[133] M. Jureczko and L. Madeyski, ""Towards identifying software project clusters with regard to defect prediction,"" in Proc. PROMISE '10, ACM, 2010",http://portal.acm.org/citation.cfm?doid=1868328.1868342
bellwethers_a_baseline_method_for_transf,Jureczko Apache CK-metric defect data,"XTREE paper describing the Apache defect data (Krishna, Menzies, Layman)",dataset,True,False,neutral,False,low,Sec 6.4,Each dataset in the Apache community has several versions. There are a total of 38 different datasets. For more information on this dataset see [103],"[103] R. Krishna, T. Menzies, and L. Layman, ""Less is More: Minimizing Code Reorganization using XTREE,"" CoRR, vol. abs/1609.03614, 2016.",http://arxiv.org/abs/1609.03614
bellwethers_a_baseline_method_for_transf,Scott-Knott ranking,Scott-Knott ranking (Mittas & Angelis),statmethod,False,True,supports,False,high,Sec 7.3 Statistics,"To rank these 30 numbers collected as above, we use the Scott-Knott test recommended by Mittas and Angelis [28]","[28] N. Mittas and L. Angelis, ""Ranking and clustering software cost estimation models through a multiple comparisons algorithm,"" IEEE Trans.",
bellwethers_a_baseline_method_for_transf,Bootstrap significance test (Efron),Non-parametric bootstrap hypothesis test (Efron & Tibshirani),statmethod,False,True,supports,False,high,Sec 7.3,"As for hypothesis test, we use a non-parametric bootstrapping test as endorsed by Efron & Tibshirani [148, p220-223]","[148] B. Efron and R. J. Tibshirani, An introduction to the bootstrap, ser. Mono. Stat. Appl. Probab. London: Chapman and Hall, 1993.",
bellwethers_a_baseline_method_for_transf,A12 effect size (Vargha & Delaney; Arcuri & Briand),A12 effect size (Vargha & Delaney),statmethod,False,True,supports,False,high,Sec 7.3,A popular effect size test used in SE literature is the A12 test ... It was first proposed by Vargha and Delany [155] ... not a small effect (A12 >= 0.6),"[155] A. Vargha and H. D. Delaney, ""A critique and improvement of the cl common language effect size statistics of mcgraw and wong,"" J. Educ. Behav.",
bellwethers_a_baseline_method_for_transf,Arcuri & Briand guide to statistical tests for randomized algorithms,Arcuri & Briand guide to statistical tests for randomized algorithms,sanitycheck,False,False,supports,False,medium,Sec 7.3,"A popular effect size test used in SE literature is the A12 test. It has been endorsed by several SE researchers [149], [150], [151], [152], [153], [154]","[151] A. Arcuri and L. Briand, ""A practical guide for using statistical tests to assess randomized algorithms in software engineering,"" in ICSE'11",
bellwethers_a_baseline_method_for_transf,Software-engineering folklore and fuzzing observations,Kocaguneli et al. distributed development (A12 endorsement),sanitycheck,True,False,supports,False,low,Sec 7.3,"It has been endorsed by several SE researchers [149], [150], [151], [152], [153], [154]","[154] E. Kocaguneli, T. Zimmermann, C. Bird, N. Nagappan, and T. Menzies, ""Distributed development considered harmful?"" in Proc. ICSE, 2013, pp.",
bellwethers_a_baseline_method_for_transf,Validation / effort-estimation metrics (Kohavi; Falessi; Sarro; Shepperd),"Standardized Accuracy, SA (Shepperd & MacDonell)",methodology,False,True,supports,False,high,Sec 7.2.1 / Eq 1,"To evaluate the quality of the learners used for regression, we make use of Standardized Accuracy (SA). The use of SA has been endorsed by several researchers in SE [137], [138]","[137] M. Shepperd and S. MacDonell, ""Evaluating prediction systems in software project estimation,"" Information and Software Technology, vol. 54, no.",
bellwethers_a_baseline_method_for_transf,MARP0 baseline / SA endorsement (Langdon et al.),MARP0 baseline / SA endorsement (Langdon et al.),methodology,False,True,supports,False,medium,Sec 7.2.1,"The use of SA has been endorsed by several researchers in SE [137], [138]","[138] W. B. Langdon, J. Dolado, F. Sarro, and M. Harman, ""Exact mean absolute error of baseline predictor, marp0,"" Information and Software",http://www.sciencedirect.com/science/article/pii/S0950584916000057
bellwethers_a_baseline_method_for_transf,G-score / harmonic mean of pd and 1-pf; avoid precision (Menzies et al. 'Problems with Precision'),G-score / harmonic mean of pd and 1-pf; avoid precision (Menzies et al. 'Problems with Precision'),methodology,True,True,supports,False,high,Sec 7.2.2 / Eq 2,"we use the the G-Score for combining Pd and Pf. Several authors [3], [144] have previously shown that such a measure is justifiably better than other measures when the test samples have imbalanced distribution","[3] T. Menzies, A. Dekhtyar, J. Distefano, and J. Greenwald, ""Problems with Precision: A Response to ...,"" IEEE TSE, vol. 33, no. 9, pp. 637-640",http://ieeexplore.ieee.org/lpdocs/epic03/wrapper.htm?arnumber=4288197
bellwethers_a_baseline_method_for_transf,Shatnawi: pd/pf-based measure for imbalanced classes,Shatnawi: pd/pf-based measure for imbalanced classes,methodology,False,True,supports,False,medium,Sec 7.2.2,"Several authors [3], [144] have previously shown that such a measure is justifiably better than other measures when the test samples have imbalanced distribution","[144] R. Shatnawi, ""A quantitative investigation of the acceptable risk levels of object-oriented metrics in open-source systems,"" IEEE TSE, vol. 36",
bellwethers_a_baseline_method_for_transf,AUC as evaluation measure,Ma & Cukic: distance-from-perfect metrics substitute for AUC,methodology,False,True,supports,False,high,Sec 7.2.2,Ma and Cukic [145] have shown that other metrics that measure the distance from perfect classification can be substituted for AUC in cases where a ROC curve cannot be generated,"[145] Y. Ma and B. Cukic, ""Adequate and precise evaluation of quality models in software engineering studies,"" in PROMISE'07: ICSE Workshops 2007",
bellwethers_a_baseline_method_for_transf,Kubat & Matwin: negative class effect on metrics,Kubat & Matwin: negative class effect on metrics,sanitycheck,False,False,supports,False,medium,Sec 7.2.2,"Kubat & Matwin found that the effect of the negative classes ... has a profound impact on the outcome of these metrics. As a remedy, these authors recommend a new evaluation scheme","[143] M. Kubat, S. Matwin et al., ""Addressing the curse of imbalanced training sets: one-sided selection,"" in ICML, vol. 97, 1997, pp. 179-186.",
bellwethers_a_baseline_method_for_transf,"AM-GM-HM inequality (Xia, Xu, Qi)","AM-GM-HM inequality (Xia, Xu, Qi)",theory,False,False,supports,False,medium,Sec 7.2.2,in cases where samples tend to take extreme values (such as Pd=0 or Pf=1) harmonic mean provides estimates that are much more stable and also more conservative ... compared to geometric mean [146],"[146] D.-F. Xia, S.-L. Xu, and F. Qi, ""A proof of the arithmetic mean-geometric mean-harmonic mean inequalities,"" RGMIA research report collection",
bellwethers_a_baseline_method_for_transf,Vaux et al.: repeated runs for reliable evidence,Vaux et al.: repeated runs for reliable evidence,sanitycheck,False,False,supports,False,medium,Sec 7.3,"we use 30 repeated runs, each time with a different random number seed ... Researchers have endorsed the use of repeated runs to gather reliable evidence [147]","[147] D. L. Vaux, F. Fidler, and G. Cumming, ""Replicates and repeats - what is the difference and is it significant?"" EMBO reports, vol. 13, no. 4",
bellwethers_a_baseline_method_for_transf,Whigham et al. baseline-method guidelines,Whigham et al. baseline-method guidelines,methodology,False,False,supports,False,high,Sec 2 Baselining with Bellwethers; Sec 11,Whigham et al. [27] propose guidelines for designing a baseline implementation that include: 1) Be simple to describe and implement; 2) Be applicable to a range of models; 3) Be publicly available,"[27] P. A. Whigham, C. A. Owen, and S. G. Macdonell, ""A baseline model for software effort estimation,"" ACM TOSEM, vol. 24, no. 3, pp. 20:1-20:11",http://doi.acm.org/10.1145/2738037
bellwethers_a_baseline_method_for_transf,No-Free-Lunch theorem (Wolpert & Macready),No Free Lunch theorems (Wolpert & Macready),theory,False,False,supports,False,high,Sec 2,"According to Wolpert & Macready [24], no single algorithm can ever be best for all problems ... Hence, when commissioning a transfer learner for a new domain, there is always the need for some experimentation","[24] D. H. Wolpert and W. G. Macready, ""No free lunch theorems for optimization,"" Trans. Evol. Comp, vol. 1, no. 1, pp. 67-82, Apr. 1997.",http://dx.doi.org/10.1109/4235.585893
bellwethers_a_baseline_method_for_transf,Holte OneR as baseline scout,Holte OneR as baseline scout,sanitycheck,False,False,supports,False,medium,Sec 2,Holte [26] uses the OneR baseline algorithm as a scout that runs ahead of a more complicated learners as a way to judge the complexity of up-coming tasks,"[26] R. C. Holte, ""Very Simple Classification Rules Perform Well on Most Commonly Used Datasets,"" Machine Learning, vol. 11, p. 63, 1993.",
bellwethers_a_baseline_method_for_transf,"Cohen, Empirical Methods for AI (compare against simpler alternatives)","Cohen, Empirical Methods for AI (compare against simpler alternatives)",sanitycheck,False,False,supports,False,medium,Sec 2,Cohen [25] strongly recommends comparing supposedly sophisticated systems against simpler alternatives,"[25] P. R. Cohen, Empirical Methods for Artificial Intelligence. MIT Press, 1995.",
bellwethers_a_baseline_method_for_transf,Shepperd & MacDonell: measurements as ratios vs minimal baseline,Shepperd & MacDonell: measurements as ratios vs minimal baseline,sanitycheck,False,False,supports,False,medium,Sec 2,Shepperd and Macdonnel [29] argue convincingly that measurements are best viewed as ratios compared to measurements taken from some minimal baseline system,"[29] M. J. Shepperd and S. G. MacDonell, ""Evaluating prediction systems in software project estimation,"" Information & Software Technology, vol. 54",
bellwethers_a_baseline_method_for_transf,Cross-project defect prediction baselines (Zimmermann; Turhan),"Zimmermann et al. cross-project defect prediction: 622 pairs, 4% success",numericfact,False,False,supports,False,high,"Sec 1, Sec 4.3, Sec 5.1","Zimmermann et al. [17] learned defect predictors from 622 pairs of projects project1, project2. In only 4% of pairs, predictors from project1 worked on project2","[17] T. Zimmermann, N. Nagappan, H. Gall, E. Giger, and B. Murphy, ""Cross-project defect prediction: a large scale experiment on data vs. domain vs.",
bellwethers_a_baseline_method_for_transf,Turhan: dataset shift / 28 studies with differing conclusions,Turhan: dataset shift / 28 studies with differing conclusions,numericfact,False,False,supports,False,medium,"Sec 1, Sec 4.3",Turhan [93] showed that the reason for this inconsistency is due to dataset drift ... (1) Source component shift; (2) Domain Shift; (3) Imbalanced Data,"[93] B. Turhan, ""On the dataset shift problem in software engineering prediction models,"" Empirical Software Engineering, vol. 17, pp. 62-74, 2012.",
bellwethers_a_baseline_method_for_transf,Cross-project defect prediction baselines (Zimmermann; Turhan),"Burak filter / cross-vs-within company defect data (Turhan, Menzies et al.)",numericfact,True,False,refutes,False,medium,Sec 5.1,training on S = 9 source projects and testing on T = 1 target projects resulted in alarmingly high false positive rates (60% or more) ... the Burak filter suffered from instability,"[15] B. Turhan, T. Menzies, A. B. Bener, and J. Di Stefano, ""On the relative value of cross-company and within-company data for defect prediction,""",
bellwethers_a_baseline_method_for_transf,"Menzies et al. local vs global models SLR (Figure 2 tabulation, cluster-specific models)","Menzies et al. local vs global models SLR (Figure 2 tabulation, cluster-specific models)",replication,True,False,supports,False,medium,Sec 4.3 / Fig 2,"In our previous work, we conducted a large scale systematic literature review [92]. We distilled our findings into a list of 28 studies ... These findings are tabulated in Figure 2","[92] T. Menzies, A. Butcher, A. Marcus, T. Zimmermann, and D. Cok, ""Local vs. global models for effort estimation and defect prediction,"" in ASE",http://ieeexplore.ieee.org/lpdocs/epic03/wrapper.htm?arnumber=6100072
bellwethers_a_baseline_method_for_transf,COCOMO models and data (Boehm; Menzies),Menzies et al. COCOMO coefficient instability (only loc stable),numericfact,True,False,supports,False,high,Sec 4.4,only the coefficient on lines of code (loc) was stable while the variance in dozens of other coefficients were extremely large ... five coefficients ... changed from positive to negative,"[94] T. Menzies, Z. Chen, D. Port, and J. Hihn, ""Simple software cost estimation: Safe or unsafe?"" in Proceedings, PROMISE workshop, ICSE 2005, 2005.",http://menzies.us/pdf/05safewhen.pdf
bellwethers_a_baseline_method_for_transf,Jorgensen: 15 studies model-vs-expert split 5/5/5,Jorgensen: 15 studies model-vs-expert split 5/5/5,numericfact,False,False,supports,False,high,Sec 4.4,"Jorgensen [95] compared model-based to expert-based methods in 15 different studies ... five studies favored expert-based methods, five found no difference, and five favored model-based methods","[95] M. Jorgensen, ""Realism in assessment of effort estimation uncertainty: It matters how you ask,"" IEEE Trans. Softw. Eng., vol. 30, no. 4, pp.",
bellwethers_a_baseline_method_for_transf,Yu et al. SLR corpora / FASTREAD,Kitchenham et al. cross-vs-within company review: 3 of 7 not worse,numericfact,False,False,supports,False,high,"Sec 4.4, Sec 6.3 (as [30])","Of these seven studies, three found that models from other organizations were not significantly worse than those based on local data, while four found that they were significantly worse","[96] B. Kitchenham, E. Mendes, and G. H. Travassos, ""Cross versus within-company cost estimation studies: A systematic review,"" IEEE Trans. Softw.",http://dx.doi.org/10.1109/TSE.2007.1001
bellwethers_a_baseline_method_for_transf,MacDonell & Shepperd local vs global review: 10 studies,MacDonell & Shepperd local vs global review: 10 studies,numericfact,False,False,supports,False,high,Sec 4.4,"From a total of 10 studies, two were found to be inconclusive, three supported global models, and five supported local models","[97] S. G. MacDonell and M. J. Shepperd, ""Comparing local and global software effort estimation models - reflections on a systematic review,"" in ESEM",
bellwethers_a_baseline_method_for_transf,Mair & Shepperd regression vs analogy: 20 studies 7/4/9,Mair & Shepperd regression vs analogy: 20 studies 7/4/9,numericfact,False,False,supports,False,high,Sec 4.4,"From a total of 20 empirical studies, (a) seven recommended regression for building effort estimators; (b) four were indifferent; and (c) nine favored analogy","[98] C. Mair and M. Shepperd, ""The consistency of empirical comparisons of regression and analogy-based software project cost prediction,"" in ESEM",
bellwethers_a_baseline_method_for_transf,Menzies 2007 defect-prediction protocol,"Menzies, Greenwald, Frank: defect predictors find 70% of defects",numericfact,True,False,supports,False,medium,Sec 6.4,defect predictors often find the location of 70% (or more) of the defects in code [120]. Defect predictors have some level of generality: predictors learned at NASA [120] have also been found useful elsewhere,"[120] T. Menzies, J. Greenwald, and A. Frank, ""Data mining static code attributes to learn defect predictors,"" IEEE TSE, January 2007.",http://menzies.us/pdf/06learnPredict.pdf
bellwethers_a_baseline_method_for_transf,IEEE Metrics 2002 panel: manual reviews find ~60% of defects (Shull et al.),IEEE Metrics 2002 panel: manual reviews find ~60% of defects (Shull et al.),numericfact,False,False,supports,False,medium,Sec 6.4,a panel at IEEE Metrics 2002 [123] concluded that manual software reviews can find ~60% of defects,"[123] F. Shull, V. Basili, B. Boehm, et al., ""What we have learned about fighting defects,"" in Proc. 8th International Software Metrics Symposium",
bellwethers_a_baseline_method_for_transf,Static bug finders vs statistical models (Rahman et al.),Rahman et al.: static bug finders vs statistical prediction equally cost-effective,numericfact,False,False,supports,False,medium,Sec 6.4,"Rahman et al. [125] compared (a) static code analysis tools FindBugs, Jlint, and Pmd and (b) static code defect predictors ... They found no significant differences in the cost-effectiveness","[125] F. Rahman, S. Khatri, E. T. Barr, and P. Devanbu, ""Comparing static bug finders and statistical prediction,"" in Proc. ICSE 2014, pp. 424-434.",
bellwethers_a_baseline_method_for_transf,Yu et al. SLR corpora / FASTREAD,Hall et al. SLR: data imbalance linked to poor performance,sanitycheck,False,False,supports,False,medium,Sec 5.1,A systematic literature review on software defect prediction carried out by Hall et al. [66] indicated that data imbalance may be connected to poor performance,"[66] T. Hall, S. Beecham, D. Bowes, D. Gray, and S. Counsell, ""A systematic literature review on fault prediction performance in software",
bellwethers_a_baseline_method_for_transf,"Fowler et al. bad-smell catalogue (Figure 1 taxonomy, smell definition)","Fowler et al. bad-smell catalogue (Figure 1 taxonomy, smell definition)",methodology,False,False,neutral,False,medium,"Sec 4.2 / Fig 1, Sec 6.1","the first column lists commonly mentioned bad smells and comes from Fowler's 1999 text [32] ... bad smells (a.k.a. code smells) are ""a surface indication that usually corresponds to a deeper problem""","[32] M. Fowler, K. Beck, J. Brant, W. Opdyke, and D. Roberts, Refactoring: Improving the Design of Existing Code. Addison-Wesley Longman, 1999.",
bellwethers_a_baseline_method_for_transf,Xu et al. 'too many knobs' configuration complexity,Xu et al. 'too many knobs' configuration complexity,sanitycheck,False,False,supports,False,medium,Sec 1,Xu et al. [23] discuss the cost of increasing software complexity: as complexity increases users use fewer and fewer of the available configuration options,"[23] T. Xu, L. Jin, X. Fan, Y. Zhou, S. Pasupathy, and R. Talwadker, ""Hey, you have given me too many knobs!"" in ESEC/FSE 2015, pp. 307-319.",http://doi.acm.org/10.1145/2786805.2786852
bellwethers_a_baseline_method_for_transf,Hassan: managers lose faith when analytics results keep changing,Hassan: managers lose faith when analytics results keep changing,sanitycheck,False,False,supports,False,medium,"Sec 1, Sec 4.1",Hassan [19] cautions that managers lose faith in the results of software analytics if those results keep changing,"[19] A. Hassan, ""Remarks made during a presentation to the ucl crest open workshop,"" March 2017.",
negative_results_for_software_effort_est,COCOMO models and data (Boehm; Menzies),COCOMO-II model and 2000 tunings (Boehm et al.),steppingstone,True,True,supports,False,high,1 Introduction; Fig 5; 4.1-4.3,"we use COCOMO since its internal details have been fully published [7]. Also, we can access a full implementation of the 2000 COCOMO model.","[7] Barry Boehm, Ellis Horowitz, Ray Madachy, ... Chris Abts. Software Cost Estimation with Cocomo II. Prentice Hall, 2000.",
negative_results_for_software_effort_est,COCOMO models and data (Boehm; Menzies),"COCOMO-II attribute ontology (23 attributes, 6-point scale)",methodology,True,True,supports,False,high,1 Introduction; Fig 4,"We consider data expressed in terms of the COCOMO ontology: 23 attributes describing a software project, as well as aspects of its personnel, platform and product features","[7] Boehm et al. Software Cost Estimation with Cocomo II. Prentice Hall, 2000.",
negative_results_for_software_effort_est,PROMISE repository (NASA defect data),"COC81 data (1981 COCOMO book), via PROMISE repository",dataset,True,True,supports,True,high,Fig 1; 3.1,COC81 is the original data from 1981 COCOMO book [5]. This comes from projects dating 1970 to 1980.,"[5] B. Boehm. Software Engineering Economics. Prentice Hall, 1981.",http://openscience.us/repo
negative_results_for_software_effort_est,PROMISE repository (NASA defect data),NASA93 COCOMO data (PROMISE repository),dataset,True,True,supports,True,medium,Fig 1; 3.1,NASA93 is NASA data collected in the early 1990s about software that supported the planning activities for the International Space Station.,http://openscience.us/repo (no numbered reference; 'NASA data collected in the early 1990s'),http://openscience.us/repo
negative_results_for_software_effort_est,COCOMO models and data (Boehm; Menzies),COCONUT local calibration (Menzies et al.),steppingstone,True,True,supports,False,high,2.5; Fig 6; 4.1-4.3,Menzies' preferred local calibration procedure is the COCONUT procedure of Figure 6 (first written in 2002 and first published in 2005 [50]).,"[50] Tim Menzies, D. Port, Z. Chen, J. Hihn, and S. Stukes. Validation methods for calibrating software effort models. In Proceedings, ICSE, 2005.",http://menzies.us/pdf/04coconut.pdf
negative_results_for_software_effort_est,Random forests (Breiman),CART regression trees (Breiman et al.),steppingstone,False,True,neutral,False,high,3.2; Fig 10,"we also compare COCOMO-II and COCONUT with CART and Knear(n) as they proved their value in the 1990s [68, 73].","[8] L. Breiman, J. H. Friedman, R. A. Olshen, and C. J. Stone. Classification and Regression Trees. 1984.",
negative_results_for_software_effort_est,Knear(n) / analogy-based CBR (Shepperd & Schofield),Knear(n) / analogy-based CBR (Shepperd & Schofield),steppingstone,False,True,refutes,False,high,3.2; 4.2; Fig 10,Knear(n) estimates a new project's effort by a nearest neighbor method [68]. ... it is not always true the parametric estimation has been superseded by ... Knear(n),"[68] M. Shepperd and C. Schofield. Estimating software project effort using analogies. IEEE TSE, 23(12), November 1997.",http://www.utdallas.edu/~rbanker/SE_XII.pdf
negative_results_for_software_effort_est,Triangle-function neighbor weighting (Walkerden & Jeffery),Triangle-function neighbor weighting (Walkerden & Jeffery),methodology,False,True,supports,False,high,3.2 Eq 4,"When estimating for n > 1 neighbors, we combine estimates via the triangle function of Walkerden and Jeffery [73]","[73] Fiona Walkerden and Ross Jeffery. An empirical study of analogy-based software effort estimation. Empirical Softw. Engg., 4(2):135-158, 1999.",
negative_results_for_software_effort_est,ATLM baseline model (Whigham et al.),ATLM baseline model (Whigham et al.),steppingstone,False,True,neutral,False,high,3.2; 4.2; Fig 10,We also baseline the COCOMO-II and COCONUT models using the Automatically Transformed Linear Baseline Model(ATLM) proposed by Whigham et al. [75].,"[75] Peter A. Whigham, Caitlin A. Owen, and Stephen G. Macdonell. A baseline model for software effort estimation. ACM TOSEM, 24(3), May 2015.",
negative_results_for_software_effort_est,Software-engineering folklore and fuzzing observations,TEAK analogy learner (Kocaguneli et al.),steppingstone,True,True,refutes,False,high,3.2; 4.2; Fig 11,"to account for some of the more recent work on effort estimation, we also use TEAK and PEEKING2 [34, 60]. ... nothing was ever ranked better than COCOMO-II or COCONUT.","[34] E. Kocaguneli, T. Menzies, A. Bener, and J. Keung. Exploiting the essential assumptions of analogy-based effort estimation. IEEE TSE, 28:425-4...",http://menzies.us/pdf/11teak.pdf
negative_results_for_software_effort_est,PEEKING2 data pruner (Papakroni),PEEKING2 data pruner (Papakroni),steppingstone,False,True,refutes,False,high,3.2; Fig 8; Fig 11,"PEEKING2 [60] is a far more aggressive ""data pruner"" than TEAK and combines data reduction operators, feature weighting, and Principal Component Analysis(PCA).","[60] Vasil Papakroni. Data carving: Identifying and removing irrelevancies in the data. Master's thesis, West Virginia University, 2013.",
negative_results_for_software_effort_est,Validation / effort-estimation metrics (Kohavi; Falessi; Sarro; Shepperd),Standardized Accuracy / SE metric (Shepperd & MacDonell),methodology,False,True,supports,False,high,3.1 Eq 2,We assess performance via Standardized Error(SE) ... This measure is derived from Standardized Accuracy(SA) defined by Shepperd & MacDonnell [69] (SE = 1 - SA).,"[69] Martin J. Shepperd and Steven G. MacDonell. Evaluating prediction systems in software project estimation. Information & Software Technology, 5...",
negative_results_for_software_effort_est,Scott-Knott ranking,Scott-Knott ranking (Mittas & Angelis),statmethod,False,True,supports,False,high,3.3,This study ranks methods using the Scott-Knott procedure recommended by Mittas & Angelis in their 2013 IEEE TSE paper [56].,[56] Nikolaos Mittas and Lefteris Angelis. Ranking and clustering software cost estimation models through a multiple comparisons algorithm. IEEE TS...,
negative_results_for_software_effort_est,Bootstrap significance test (Efron),Non-parametric bootstrap (Efron & Tibshirani),statmethod,False,True,supports,False,high,3.3,"For a justification of the use of non-parametric bootstrapping, see Efron & Tibshirani [18, p220-223].","[18] Bradley Efron and Robert J Tibshirani. An introduction to the bootstrap. Mono. Stat. Appl. Probab. Chapman and Hall, London, 1993.",
negative_results_for_software_effort_est,A12 effect size (Vargha & Delaney; Arcuri & Briand),"A12 effect size (Vargha & Delaney, via Arcuri & Briand)",statmethod,False,True,supports,True,high,3.3,Vargha and Delaney's non-parametric A12 effect size test ... This test was recently endorsed by Arcuri and Briand at ICSE'11 [1].,"[1] A. Arcuri and L. Briand. A practical guide for using statistical tests to assess randomized algorithms in software engineering. In ICSE'11, pag...",
negative_results_for_software_effort_est,Effect-size guidance (Kampenes et al.),Effect-size warning (Kampenes et al.),sanitycheck,False,False,supports,False,medium,3.3,For a justification of the use of effect size tests see Shepperd & MacDonell [69]; Kampenes [29]; and Kocaguneli et al. [38].,"[29] Vigdis By Kampenes, Tore Dybaa, Jo Erskine Hannay, and Dag I. K. Sjoberg. A systematic review of effect size in software engineering experimen...",
negative_results_for_software_effort_est,Software-engineering folklore and fuzzing observations,"Effect-size warning (Kocaguneli et al., Distributed development)",sanitycheck,True,False,supports,False,medium,3.3,"These researchers warn that even if an hypothesis test declares two populations to be ""significantly"" different, then that result is misleading if the ""effect size"" is very small.","[38] Ekrem Kocaguneli, Thomas Zimmermann, Christian Bird, Nachiappan Nagappan, and Tim Menzies. Distributed development considered harmful? In ICSE...",
negative_results_for_software_effort_est,"Ecological inference (Posnett, Filkov, Devanbu)","Ecological inference (Posnett, Filkov, Devanbu)",methodology,False,True,supports,False,medium,3.1,"""Ecological inference"" is the conceit that ""what holds for all, also holds for parts of the population"" [45, 64]. To avoid ecological inference, our rig in Figure 7 runs separately for each data set.","[64] D. Posnett, V. Filkov, and P. Devanbu. Ecological inference in empirical software engineering. In Proceedings of ASE'11, 2011.",
negative_results_for_software_effort_est,Local vs global lessons (Menzies et al.),Local vs global lessons (Menzies et al.),methodology,True,True,supports,False,medium,3.1,"To avoid ecological inference, our rig in Figure 7 runs separately for each data set.","[45] Tim Menzies, Andrew Butcher, David R. Cok, ... Thomas Zimmermann. Local versus global lessons for defect prediction and effort estimation. IEE...",http://menzies.us/pdf/12localb.pdf
negative_results_for_software_effort_est,"Row+column reduction result (Chen, Boehm, Menzies, Port)","Row+column reduction result (Chen, Boehm, Menzies, Port)",sanitycheck,True,False,supports,False,high,4.3.3,"Their results are very clear: as the number of rows shrink, better estimates come from using fewer columns.","[10] Zhihao Chen, Barry Boehm, Tim Menzies, and Daniel Port. Finding the right data for software cost modeling. IEEE Software, 22:38-46, 2005.",
negative_results_for_software_effort_est,Least-squares variance vs. number of columns (Miller),Least-squares variance vs. number of columns (Miller),theory,False,False,supports,False,high,4.3.3,Miller [52] explains why this is so: the variance of a linear model learned by minimizing least-squares error decreases as the number of columns in the model decreases.,"[52] A. Miller. Subset Selection in Regression (second edition). Chapman & Hall, 2002.",
negative_results_for_software_effort_est,"Straw-man comparison guideline (Cohen, Empirical Methods for AI)","Straw-man comparison guideline (Cohen, Empirical Methods for AI)",methodology,False,False,supports,False,medium,1 Introduction; 3.2 (LOC straw man),"Cohen [13] strongly advises such ""straw man"" comparisons, since sometimes, they reveal that the supposedly superior method is actually overly complex.","[13] P.R. Cohen. Empirical Methods for Artificial Intelligence. MIT Press, 1995.",
negative_results_for_software_effort_est,Two-decade adoption timetable (Shaw ICSE'01 keynote),Two-decade adoption timetable (Shaw ICSE'01 keynote),numericfact,False,False,supports,False,medium,2.2; 3.2,Mary Shaw [67] noted that it can take up to a decade for research innovations to become stable and then another decade after that to become widely popular.,"[67] Mary Shaw. The coming-of-age of software architecture research. In ICSE '01, pages 656-, 2001.",
negative_results_for_software_effort_est,SEE literature review counts (Jorgensen & Shepperd),SEE literature review counts (Jorgensen & Shepperd),numericfact,False,False,supports,False,medium,Abstract; 2.1,"Jorgensen and Shepperd reported on hundreds of research papers dating back to the 1970s devoted to the topic, over half of which propose some innovation","[25] M. Jorgensen and M. Shepperd. A systematic review of software development cost estimation studies, January 2007.",http://www.simula.no/departments/engineering/publications/Jorgensen.2005.12
negative_results_for_software_effort_est,Expert-elicitation label rate (Valerdi),COSYSMO expert-session cost (Valerdi),numericfact,False,False,supports,False,medium,2.3,"he once recruited 40 experts to three expert sessions, each of which ran for three hours. Assuming a 7.5 hour day, then that study took 3*3*40/7.5 = 48 days.",[72] R. Valerdi. Convergence of expert opinion via the wideband delphi method: An application in cost estimation models. In Incose International Sy...,http://goo.gl/Zo9HT
negative_results_for_software_effort_est,COCOMO models and data (Boehm; Menzies),NASA use of COCOMO (Dabney IV&V ROI study),sanitycheck,False,False,supports,False,low,2.2,NASA routinely checks software estimates in COCOMO [16].,"[16] J. B. Dabney. Return on investment for IV&V, 2002-2004. NASA funded study.",http://sarpresults.ivv.nasa.gov/ViewResearch/24.jsp
negative_results_for_software_effort_est,Data mining techniques for SEE (Dejaeger et al.),Data mining techniques for SEE (Dejaeger et al.),sanitycheck,False,False,supports,False,low,3.2,"CART and Knear(n) still have currency: recent results from IEEE TSE 2008 and 2012 still endorse their use for effort estimation [17, 32, 35]","[17] Karel Dejaeger, Wouter Verbeke, David Martens, and Bart Baesens. Data mining techniques for software effort estimation: A comparative study. I...",
images_don_t_lie_duplicate_crowdtesting,IR-EM: IR + word embedding duplicate bug report recommender (Yang et al.),IR-EM: IR + word embedding duplicate bug report recommender (Yang et al.),steppingstone,False,True,refutes,False,high,5.3 Baselines; 6.1; 7.5,Information retrieval with word embedding (IR-EM) [42]: It is the state-of-the-art technique for duplicate bug report detection ... we implement our own versions rigorously following the steps described in their papers.,"[42] Yang, X., Lo, D., Xia, X., Bao, L., Sun, J., 2016. Combining word embedding with information retrieval to recommend similar bug reports, ISSRE'16",
images_don_t_lie_duplicate_crowdtesting,NextBug: component + description similarity (Rocha et al.),NextBug: component + description similarity (Rocha et al.),steppingstone,False,True,refutes,False,high,5.3 Baselines; 6.1,Similarity based on bug components and descriptions (NextBug) [27]: It is another state-of-the-art similarity-based approach ... The performance of NextBug is almost the worst.,"[27] Rocha, H., Valente, M.T., Marques-Neto, H., Murphy, G.C., 2016. An empirical study on recommendations of similar bugs, SANER'16, pp. 46-56",
images_don_t_lie_duplicate_crowdtesting,DBTM: IR + topic modeling duplicate detection (Nguyen et al.),DBTM: IR + topic modeling duplicate detection (Nguyen et al.),steppingstone,False,True,refutes,False,high,5.3 Baselines; 6.1,Information retrieval with topic modeling (DBTM) [24]: It is the commonly-used technique ... The low performance of this baseline might because ... the reports of one crowdtesting project only have very few topics.,"[24] Nguyen, A.T., Nguyen, T.T., Nguyen, T.N., Lo, D., Sun, C., 2012. Duplicate bug report detection with combination of IR and topic modeling, ASE'12",
images_don_t_lie_duplicate_crowdtesting,LDA topic modeling (Blei et al.),Optimal LDA topic counts for Eclipse/OpenOffice/Mozilla (Nguyen et al.),numericfact,False,False,neutral,False,high,6.1,"The optimal topic number is about 100 to 300 for Eclipse, OpenOffice, and Mozilla [24]. However, the optimal topic number for our experimental projects is about 5 to 10.","[24] Nguyen, A.T., Nguyen, T.T., Nguyen, T.N., Lo, D., Sun, C., 2012. Duplicate bug report detection with combination of IR and topic modeling, ASE'12",
images_don_t_lie_duplicate_crowdtesting,Reported recall@1 range of DBTM (Nguyen et al.),Reported recall@1 range of DBTM (Nguyen et al.),numericfact,False,False,supports,False,high,7.1,"existing duplicate detection approaches also suffer from the performance variation in different experimental projects. For example, the recall@1 is 42% - 57% in [24], and the MAP is 29% - 51% in [17].","[24] Nguyen, A.T., Nguyen, T.T., Nguyen, T.N., Lo, D., Sun, C., 2012. Duplicate bug report detection with combination of IR and topic modeling, ASE'12",
images_don_t_lie_duplicate_crowdtesting,Software-engineering folklore and fuzzing observations,Contextual duplicate detection & its reported MAP (Hindle et al.),numericfact,False,False,neutral,False,medium,3.2; 7.1,"We had planned to include [17] ... as baseline. However, the contextual words utilized in that work are English-oriented ... the MAP is 29% - 51% in [17].","[17] Hindle, A., Alipour, A., Stroulia, E., 2016. A contextual approach towards more accurate duplicate bug report detection and ranking. EMSE 21",
images_don_t_lie_duplicate_crowdtesting,Prior duplicate-detection performance range summarized in Table 2 (Runeson et al. through Yang et al.),Prior duplicate-detection performance range summarized in Table 2 (Runeson et al. through Yang et al.),numericfact,False,False,supports,False,medium,6.1; Table 2,"The reported recall@1 in existing duplicate bug report detection approach is 0.16 to 0.67, and the reported MAP is 0.26 to 0.53 (see Table 2).","[28] Runeson, P., Alexandersson, M., Nyholm, O., 2007. Detection of duplicate defect reports using natural language processing, ICSE'07, pp. 499-510",
images_don_t_lie_duplicate_crowdtesting,Duplicate-report retrieval problem formulation (Runeson et al. and successors),Duplicate-report retrieval problem formulation (Runeson et al. and successors),methodology,False,False,supports,False,high,4.3,"Following the previous studies [28, 38, 18, 30, 31, 29, 26, 33, 3, 44, 24, 4, 1, 17, 27, 42], our duplicate crowdtesting report detection problem is formulated as follows","[28] Runeson, P., Alexandersson, M., Nyholm, O., 2007. Detection of duplicate defect reports using natural language processing, ICSE'07, pp. 499-510",
images_don_t_lie_duplicate_crowdtesting,Cosine similarity for report distance (Wang et al. 2016a; Runeson; Rocha; Witten & Frank),Cosine similarity for report distance (Wang et al. 2016a; Runeson; Rocha; Witten & Frank),methodology,True,True,supports,False,low,4,"Cosine similarity, which is commonly used for measuring distance [35, 28, 27, 39], is employed in our approach.","[35] Wang, J., Cui, Q., Wang, Q., Wang, S., 2016a. Towards effectively test report classification to assist crowdsourced testing, ESEM'16",
images_don_t_lie_duplicate_crowdtesting,recall@k / MAP / MRR evaluation metrics (Sun et al. 2010; Nguyen et al.; Yang et al.),recall@k / MAP / MRR evaluation metrics (Sun et al. 2010; Nguyen et al.; Yang et al.),methodology,False,True,supports,False,high,5.5 Evaluation Metrics,"Recall@k checks whether a top-k recommendation is useful [24, 30, 42] ... These metrics are commonly-used to evaluate the duplicate detection approaches (see Table 2 for details).","[30] Sun, C., Lo, D., Wang, X., Jiang, J., Khoo, S., 2010. A discriminative model approach for accurate duplicate bug report retrieval, ICSE'10",
images_don_t_lie_duplicate_crowdtesting,"Word-embedding report vector by averaging word vectors, d=100 (Yang et al.)","Word-embedding report vector by averaging word vectors, d=100 (Yang et al.)",methodology,False,True,supports,False,high,4.2.2 Word Embedding Feature,"d is set to 100 as suggested in previous studies [42, 41] ... transform the report matrix into a vector by averaging all the word vectors the report contains as previous work did [42].","[42] Yang, X., Lo, D., Xia, X., Bao, L., Sun, J., 2016. Combining word embedding with information retrieval to recommend similar bug reports, ISSRE'16",
images_don_t_lie_duplicate_crowdtesting,multiplyCmb: multiplicative similarity combination (Yang et al.),multiplyCmb: multiplicative similarity combination (Yang et al.),steppingstone,False,True,refutes,False,medium,7.4 Alternative Combination Manner,"multiplyCmb denotes multiplying the screenshot similarity with textual similarity as one similarity value and ranking the reports based on it, which is borrowed from [42].","[42] Yang, X., Lo, D., Xia, X., Bao, L., Sun, J., 2016. Combining word embedding with information retrieval to recommend similar bug reports, ISSRE'16",
images_don_t_lie_duplicate_crowdtesting,Domain-specific large corpus preferred for word embedding training (Xu et al.),Domain-specific large corpus preferred for word embedding training (Xu et al.),sanitycheck,False,False,supports,False,medium,5.2 Experimental Dataset,"previous studies have revealed that to train an effective word embedding model, a domain-specific dataset with large size is preferred [42, 41].","[41] Xu, B., Ye, D., Xing, Z., Xia, X., Chen, G., Li, S., 2016. Predicting semantically linkable knowledge in developer online forums via CNN, ASE'16",
images_don_t_lie_duplicate_crowdtesting,Gist / spatial envelope descriptor (Oliva & Torralba),Gist / spatial envelope descriptor (Oliva & Torralba),methodology,False,True,supports,False,high,4.1.1 Image Structure Feature,Gist descriptor [25] can capture the spatial structure of an image through the segmentation and processing of individual regions.,"[25] Oliva, A., Torralba, A., 2001. Modeling the shape of the scene: A holistic representation of the spatial envelope. IJCV 42, 145-175",
images_don_t_lie_duplicate_crowdtesting,Torralba spatial-envelope (Gist) MATLAB package,Torralba spatial-envelope (Gist) MATLAB package,software,False,True,supports,False,high,4.1.1 Image Structure Feature,We use the publicly available package5 with default parameters to extract image structure feature. It results in a 128-dimensional image structure feature vector for each image.,"[25] Oliva, A., Torralba, A., 2001 (package: footnote 5)",http://people.csail.mit.edu/torralba/code/spatialenvelope/
images_don_t_lie_duplicate_crowdtesting,MPEG-7 color descriptor (Manjunath et al.),MPEG-7 color descriptor (Manjunath et al.),methodology,False,True,supports,False,high,4.1.2 Image Color Feature,MPEG-7 descriptor [21] can capture the representative colors on a grid superimposed of an image based on segmentation and clustering.,"[21] Manjunath, B.S., Ohm, J.R., Vasudevan, V.V., Yamada, A., 2001. Color and texture descriptors. IEEE Trans. CSVT 11, 703-715",
images_don_t_lie_duplicate_crowdtesting,semanticmetadata.net (LIRE) MPEG-7 color feature extractor,semanticmetadata.net (LIRE) MPEG-7 color feature extractor,software,False,True,supports,False,high,4.1.2 Image Color Feature,We also use the publicly available software6 to extract the image color feature. It results in a 189-dimensional image color feature vector for each image.,footnote 6: http://www.semanticmetadata.net/ (no reference entry),http://www.semanticmetadata.net/
images_don_t_lie_duplicate_crowdtesting,word2vec (Mikolov et al.),word2vec (Mikolov et al.),software,False,True,supports,False,high,4.2.2 Word Embedding Feature,"We use the publicly available software9 to obtain the word embedding of a report. With the trained word embedding model, each word can be transformed into a d-dimensional vector","[22] Mikolov, T., Sutskever, I., Chen, K., Corrado, G., Dean, J., 2013. Distributed representations of words and phrases and their compositionality...",https://code.google.com/archive/p/word2vec/
images_don_t_lie_duplicate_crowdtesting,ICTCLAS Chinese word segmentation,ICTCLAS Chinese word segmentation,software,False,True,supports,False,high,4.2 Extracting Textual Features,"because the crowdtesting reports in our experiment are written in Chinese, we adopt ICTCLAS7 for word segmentation, and segment descriptions into words.",footnote 7: ICTCLAS (http://ictclas.nlpir.org/) is widely used Chinese NLP platform (no reference entry),http://ictclas.nlpir.org/
images_don_t_lie_duplicate_crowdtesting,LTP synonym library (Language Technology Platform),LTP synonym library (Language Technology Platform),software,False,True,supports,False,high,4.2 Extracting Textual Features,we introduce the synonym replacement technique to mitigate this problem. Synonym library of LTP8 is adopted.,footnote 8: LTP (http://www.ltp-cloud.com/) is considered as one of the best cloud-based Chinese NLP platforms (no reference entry),http://www.ltp-cloud.com/
images_don_t_lie_duplicate_crowdtesting,Cliff's delta effect size,Cliff's delta and effect-size interpretation thresholds (Cliff),statmethod,False,True,supports,False,high,5.5; Table 4; Table 8,Table 4: Mappings of Cliff's delta to their interpretations [9] ... the Cliff's delta to demonstrate the effect size of the test.,"[9] Cliff, N., 2014. Ordinal methods for behavioral data analysis. Psychology Press",
images_don_t_lie_duplicate_crowdtesting,Train/test split protocol,Leave-one-out cross validation (Berson et al.),methodology,False,True,supports,False,high,5.4 Experimental Setup,"For all these experiments, we employ the commonly-used leave-one-out cross validation [6]. In detail, we use one crowdtesting project as the testing dataset","[6] Berson, A., Smith, S., Thearling, K., 2004. An overview of data mining techniques. Building Data Mining Application for CRM",
images_don_t_lie_duplicate_crowdtesting,Structure and color as standard image features (Chen & Zitnick; Vinyals et al.),Structure and color as standard image features (Chen & Zitnick; Vinyals et al.),sanitycheck,False,False,supports,False,medium,4.1,"Both structure feature and color feature are widely used in image processing tasks [8, 34], so we adopt both of them in the duplicate crowdtesting report detection","[8] Chen, X., Lawrence Zitnick, C., 2015. Mind's eye: A recurrent visual representation for image caption generation, CVPR'15, pp. 2422-2431",
images_don_t_lie_duplicate_crowdtesting,Short-text analysis is hard due to sparseness (Bairi et al.; Tang et al.),Short-text analysis is hard due to sparseness (Bairi et al.; Tang et al.),sanitycheck,False,False,supports,False,medium,7.1 Further Exploration of Results,"Analytical tasks (such as classification, clustering, etc.) involving short texts have long been recognized as challenging due to the lack of context and owing to their sparseness [2, 32].","[2] Bairi, R.B., Udupa, R., Ramakrishnan, G., 2016. A framework for task-specific short document expansion, CIKM'2016, pp. 791-800",
too_much_automation_the_bellwether_effec,Cross-project defect prediction baselines (Zimmermann; Turhan),Burak filter / Turhan09 (Turhan et al.),steppingstone,True,True,refutes,False,high,§4 RQ3 / §6.2 Fig 5 / §8,we compare bellwether against two similarity based transfer learners: the first classic Burak filter from 2009 [7],"[7] Burak Turhan, Tim Menzies, Ayse B Bener, Justin Di Stefano. On the relative value of cross-company and within-company data for defect prediction. EMSE 14(5), 2009.",
too_much_automation_the_bellwether_effec,Cross-project defect prediction baselines (Zimmermann; Turhan),Turhan initial cross-project result: 60%+ false alarms (Turhan et al.),numericfact,True,False,refutes,False,high,§2.2,training on S = 9 source projects and testing on T = 1 target projects resulted in alarming high false positive rates (60% or more),"[7] Burak Turhan, Tim Menzies, Ayse B Bener, Justin Di Stefano. On the relative value of cross-company and within-company data for defect prediction. EMSE 14(5), 2009.",
too_much_automation_the_bellwether_effec,"Turhan11 mixed-project defect prediction (Turhan, Tosun, Bener)","Turhan11 mixed-project defect prediction (Turhan, Tosun, Bener)",steppingstone,False,True,refutes,False,high,§4 RQ3 / §6.2 Fig 5,as well as a more recent mixed approach that uses a small sample of the target along with the available source data [25],"[25] Burak Turhan, Ayse Tosun, Ayse Bener. Empirical evaluation of mixed-project defect prediction models. SEAA 2011, pp 396-403.",
too_much_automation_the_bellwether_effec,AEEEM defect data (D Ambros et al.),AEEEM defect data (D'Ambros et al.),dataset,False,True,neutral,True,high,§5.1,"The first dataset, AEEEM, was used by [3]. This dataset was gathered by D'Amborse et al. [28], it contains 61 metrics","[28] Marco D'Ambros, Michele Lanza, Romain Robbes. Evaluating defect prediction approaches: a benchmark and an extensive comparison. EMSE 17(4-5), 2012.",
too_much_automation_the_bellwether_effec,ReLink defect data (Wu et al.),ReLink defect data (Wu et al.),dataset,False,True,neutral,True,high,§5.1,"The RELINK community data was obtained from work by Wu et al. [29] who used the Understand tool, to measure 26 metrics","[29] Rongxin Wu, Hongyu Zhang, Sunghun Kim, Shing-Chi Cheung. ReLink. SIGSOFT/FSE '11, 2011.",
too_much_automation_the_bellwether_effec,AEEEM defect data (D Ambros et al.),Jing et al. CCA heterogeneous transfer (intermediary source of ReLink+AEEEM copies),dataset,False,True,neutral,False,medium,§7.1,Apache and NASA were obtained from the PROMISE repository and ReLink and AEEEM were obtained from [24],"[24] Xiaoyuan Jing, Fei Wu, Xiwei Dong, Fumin Qi, Baowen Xu. Heterogeneous Cross-Company Defect Prediction by Unified Metric Representation and CCA-Based Transfer Learning. ESEC/FSE 2015.",
too_much_automation_the_bellwether_effec,Jureczko Apache CK-metric defect data,Apache/Jureczko CK-metric defect data (Jureczko & Madeyski),dataset,False,True,neutral,True,high,§5.1,The first set of group contains defect measures from several Apache projects. It was gathered by Jureczko et al. [33],"[33] Marian Jureczko, Lech Madeyski. Towards identifying software project clusters with regard to defect prediction. PROMISE '10, 2010.",
too_much_automation_the_bellwether_effec,"PROMISE / SEACRAFT repository (NASA, SOFTLAB, Jureczko)",NASA MDP defect data (cleaned per Shepperd et al.),dataset,False,True,neutral,True,high,§5.1,"we used 5 proprietary datasets from NASA containing similar metrics [35]. For the sake of consistency, we cleaned up the dataset","[35] Martin Shepperd, Qinbao Song, Zhongbin Sun, Carolyn Mair. Data Quality: Some Comments on the NASA Software Defect Datasets. IEEE TSE 39(9), 2013.",
too_much_automation_the_bellwether_effec,PROMISE repository (NASA defect data),PROMISE repository (openscience.us),dataset,True,True,neutral,False,medium,§5.1 / §7.1,we explored two other communities of datasets from the PROMISE repository,footnote 3: http://openscience.us/repo/,http://openscience.us/repo/
too_much_automation_the_bellwether_effec,Random forests (Breiman),Random Forests (Breiman),software,False,True,neutral,False,high,§5.2 / §5.3 / §7.2,We have used Random Forest for predicting defects owing to it's superior performance over several other predictors [10],"[36] L Breiman. Random forests. Machine learning, pages 5-32, 2001.",
too_much_automation_the_bellwether_effec,SMOTE (Chawla et al.),SMOTE (Chawla et al.),software,False,True,neutral,False,medium,§5.2 / §5.4 / §7.4,"To overcome the inherent randomness introduced by Random Forests and SMOTE, we use 40 repeated runs","[38] Nitesh V. Chawla, Kevin W. Bowyer, Lawrence O. Hall, W. Philip Kegelmeyer. SMOTE: Synthetic minority over-sampling technique. JAIR 16, 2002.",
too_much_automation_the_bellwether_effec,Scott-Knott ranking,Scott-Knott ranking (Mittas & Angelis),statmethod,False,True,neutral,False,high,§5.4 Statistics,"To rank these 40 numbers collected as above, we use the ScottKnott test recommended by Mittas and Angelis [40]","[40] Nikolaos Mittas, Lefteris Angelis. Ranking and clustering software cost estimation models through a multiple comparisons algorithm. IEEE TSE 39(4), 2013.",
too_much_automation_the_bellwether_effec,Bootstrap significance test (Efron),Non-parametric bootstrap (Efron & Tibshirani),statmethod,False,True,neutral,False,high,§5.4 Statistics,"For a justification of the use of non-parametric bootstrapping, see Efron & Tibshirani [41, p220-223]","[41] Bradley Efron, Robert J Tibshirani. An introduction to the bootstrap. Chapman and Hall, London, 1993.",
too_much_automation_the_bellwether_effec,A12 effect size (Vargha & Delaney; Arcuri & Briand),A12 effect size (Arcuri & Briand),statmethod,False,True,neutral,False,high,§5.4 Statistics,"we first must rule out small effects using A12, a test recently endorsed by Arcuri and Briand [45]","[45] A. Arcuri, L. Briand. A practical guide for using statistical tests to assess randomized algorithms in software engineering. ICSE'11, 2011.",
too_much_automation_the_bellwether_effec,Effect-size warning (Shepperd & MacDonell),Effect-size warning (Shepperd & MacDonell),sanitycheck,False,False,supports,False,medium,§5.4 Statistics,For a justification of the use of effect size tests see Shepperd and MacDonell [42]; Kampenes [43]; and Kocaguenli et al. [44],"[42] Martin J. Shepperd, Steven G. MacDonell. Evaluating prediction systems in software project estimation. IST 54(8), 2012.",
too_much_automation_the_bellwether_effec,Effect-size guidance (Kampenes et al.),Effect-size systematic review (Kampenes et al.),sanitycheck,False,False,supports,False,medium,§5.4 Statistics,"even if a hypothesis test declares two populations to be significantly different, then that result is misleading if the effect size is very small","[43] Vigdis By Kampenes, Tore Dyba, Jo Erskine Hannay, Dag I. K. Sjoberg. A systematic review of effect size in software engineering experiments. IST 49(11-12), 2007.",
too_much_automation_the_bellwether_effec,Software-engineering folklore and fuzzing observations,Effect-size use in SE (Kocaguneli et al.),sanitycheck,True,False,supports,False,medium,§5.4 Statistics,For a justification of the use of effect size tests see ... Kocaguenli et al. [44],"[44] Ekrem Kocaguneli, Thomas Zimmermann, Christian Bird, Nachiappan Nagappan, Tim Menzies. Distributed development considered harmful? ICSE 2013.",
too_much_automation_the_bellwether_effec,Multiple comparison / simultaneous inference (Benjamini),Multiple comparison / simultaneous inference (Benjamini),statmethod,False,True,neutral,False,medium,§4 RQ4 / §6.3,We employ a multiple comparison test [26] [27]. ... we performed a multiple comparison test using KruskalWallis H-Test,"[26] Yoav Benjamini. Simultaneous and selective inference: Current successes and future challenges. Biometrical Journal 52(6), 2010.",
too_much_automation_the_bellwether_effec,Simultaneous statistical inference (Miller),Simultaneous statistical inference (Miller),statmethod,False,True,neutral,False,medium,§4 RQ4 / §6.3,We employ a multiple comparison test [26] [27].,"[27] G Rupert Jr et al. Simultaneous statistical inference. Springer Science & Business Media, 2012.",
too_much_automation_the_bellwether_effec,ED distance-from-perfect metric (Ma & Cukic),ED distance-from-perfect metric (Ma & Cukic),methodology,False,True,neutral,False,high,§5.3 Evaluation Strategy,Ma and Cukic [39] have shown that distance from perfect classification (ED) can be substituted for AUC in cases where a ROC curve cannot be generated,"[39] Y. Ma, B. Cukic. Adequate and precise evaluation of quality models in software engineering studies. PROMISE'07, 2007.",
too_much_automation_the_bellwether_effec,Random forests (Breiman),Lessmann et al. defect-learner benchmark (endorses Random Forests),sanitycheck,False,False,supports,False,high,§5.2 / §7.2,They endorsed the use of Random Forests [36] for defect prediction over several other methods.,"[10] Stefan Lessmann, Bart Baesens, C. Mues, S. Pietsch. Benchmarking Classification Models for Software Defect Prediction. IEEE TSE 34(4), 2008.",
too_much_automation_the_bellwether_effec,SMOTE (Chawla et al.),SMOTE improves defect prediction (Pelayo & Dick),sanitycheck,False,False,supports,False,medium,§5.2,Pelayo and Dick [37] report that the defect prediction is improved by SMOTE [38].,"[37] Lourdes Pelayo, Scott Dick. Applying Novel Resampling Strategies To Software Defect Prediction. NAFIPS 2007.",
too_much_automation_the_bellwether_effec,Static code metric definitions (Menzies et al. local vs global),Static code metric definitions (Menzies et al. local vs global),methodology,True,False,neutral,False,medium,Fig 6 caption,"Each dataset contains 20 Static Code Metrics (for a description of each of these metrics, please refer to [46])","[46] Tim Menzies, Andrew Butcher, Andrian Marcus, Thomas Zimmermann, David Cok. Local vs. global models for effort estimation and defect prediction. ASE 2011.",
too_much_automation_the_bellwether_effec,HDP (Nam & Kim),Nam & Kim heterogeneous defect prediction (data-selection precedent),sanitycheck,False,False,neutral,False,medium,§4 RQ1 / §5.1,This data was selected according to the following rules: The data has been used in prior transfer learning paper; e.g. [3],"[3] Jaechang Nam, Sunghun Kim. Heterogeneous defect prediction. ESEC/FSE 2015, pp 508-519.",
too_much_automation_the_bellwether_effec,"Cross-project overfitting / brittleness warning (Rahman, Posnett, Devanbu)","Cross-project overfitting / brittleness warning (Rahman, Posnett, Devanbu)",sanitycheck,False,False,supports,False,medium,§1 Introduction,"Rahman et al. [8] warn that if quality predictors are always being updated based on the specifics of new data, then those new predictors may suffer from over-fitting","[8] Foyzur Rahman, Daryl Posnett, Premkumar Devanbu. Recalling the 'imprecision' of cross-project defect prediction. FSE '12, 2012.",
too_much_automation_the_bellwether_effec,Benchmark against simpler alternatives (Cohen),Benchmark against simpler alternatives (Cohen),sanitycheck,False,False,supports,False,medium,§8 Conclusions,Cohen [50] recommends benchmarking supposedly more sophisticated methods against simpler alternatives,"[50] Paul R Cohen. Empirical methods for artificial intelligence, volume 139. MIT press, 1995.",
too_much_automation_the_bellwether_effec,Exponential assessment cost (Lowry et al.),Exponential assessment cost (Lowry et al.),numericfact,False,False,supports,False,medium,§2.1,According to Lowry et al. software assessment budgets are finite while assessment effectiveness increases exponentially with assessment effort [11],"[11] Michael Lowry, Mark Boyd, Deepak Kulkami. Towards a theory for integration of mathematical verification and empirical testing. ASE 1998.",
too_much_automation_the_bellwether_effec,Inspection rate 8-20 LOC/minute (Menzies et al. truisms),Inspection rate 8-20 LOC/minute (Menzies et al. truisms),numericfact,True,False,supports,False,high,§2.1,"depending on the review methods, 8 to 20 LOC/minute can be inspected and this effort repeats for all members of the review team","[13] Tim Menzies, David Raffo, Siri on Setamanit, Ying Hu, Sina Tootoonian. Model-based tests of truisms. IEEE ASE 2002.",http://menzies.us/pdf/02truisms.pdf
too_much_automation_the_bellwether_effec,Menzies 2007 defect-prediction protocol,"Defect predictors find 70% of defects (Menzies, Greenwald, Frank)",numericfact,True,False,supports,False,high,§2.1,Defect predictors often find the location of 70% (or more) of the defects in code [16],"[16] T. Menzies, J. Greenwald, A. Frank. Data mining static code attributes to learn defect predictors. IEEE TSE 33(1), 2007.",http://menzies.us/pdf/06learnPredict.pdf
too_much_automation_the_bellwether_effec,"Manual reviews find ~60% of defects (Shull et al., IEEE Metrics 2002 panel)","Manual reviews find ~60% of defects (Shull et al., IEEE Metrics 2002 panel)",numericfact,False,False,supports,False,high,§2.1,a panel at IEEE Metrics 2002 [19] concluded that manual software reviews can find ~60% of defects,"[19] F. Shull, V.R. Basili, B. Boehm, et al. What we have learned about fighting defects. 8th Intl Software Metrics Symposium, 2002.",
too_much_automation_the_bellwether_effec,Fagan inspection detection rates 50%/21% (Fagan; Raffo),Fagan inspection detection rates 50%/21% (Fagan; Raffo),numericfact,False,False,supports,False,medium,§2.1,Raffo documents the typical defect detection capability of industrial review methods: around 50% for full Fagan inspections [20] to 21% for less-structured inspections,"[20] M. Fagan. Design and code inspections to reduce errors in program development. IBM Systems Journal, 15(3), 1976.",
too_much_automation_the_bellwether_effec,Static bug finders vs statistical models (Rahman et al.),"Static bug finders vs statistical prediction equivalence (Rahman, Khatri, Barr, Devanbu)",numericfact,False,False,supports,False,high,§2.1,"compared (a) static code analysis tools FindBugs, Jlint, and Pmd and (b) static code defect predictors ... They found no significant differences in the cost-effectiveness","[21] Foyzur Rahman, Sameer Khatri, Earl T Barr, Premkumar Devanbu. Comparing static bug finders and statistical prediction. ICSE 2014, pp 424-434.",
too_much_automation_the_bellwether_effec,Firefox/IE cross-project asymmetry (Zimmermann et al.),Firefox/IE cross-project asymmetry (Zimmermann et al.),numericfact,False,False,supports,False,high,§2.2,"a model built on Firefox was useful for Explorer, but not vice versa, even though both of them are similar applications","[22] Thomas Zimmermann, Nachiappan Nagappan, Harald Gall, Emanuel Giger, Brendan Murphy. Cross-project defect prediction: a large scale experiment on data vs. domain vs. process. ESEC/FSE 2009.",
faster_discovery_of_faster_system_config,Configurable-system performance data (Siegmund; Apel),Siegmund et al. FW/PW/HO/HS feature-interaction sampling (SPLConqueror),steppingstone,True,True,refutes,False,high,5.4 RQ4 / Fig 7 / Table 3,"the FW heuristic of Siegmund et al. ... has the higher errors rate and the highest standard deviation on that error rate (four out of six times). Hence, we cannot recommend this method","[39] Siegmund, Kolesnikov, Kastner, Apel, Batory, Rosenmuller, Saake. Predicting performance via automated feature-interaction detection. ICSE 2012.",
faster_discovery_of_faster_system_config,Config-tuning and analytics data (Fu; Jamshidi; Guo; Ha; Weber; Krishna),"Guo et al. progressive random sampling + CART (2N, PW)",steppingstone,True,True,refutes,False,high,5.4 RQ4 / Fig 7 / Table 3,"As to the approach of Guo et al. (with PW), it does not standout on any of our measurements ... its standard deviations are usually larger and it requires much more data than WHAT","[18] Guo, Czarnecki, Apel, Siegmund, Wasowski. Variability-aware performance prediction: A statistical learning approach. ASE 2013.",
faster_discovery_of_faster_system_config,Sarkar et al. projective / cost-efficient sampling,Sarkar et al. projective / cost-efficient sampling,steppingstone,True,True,refutes,False,high,5.4 RQ4 / Fig 7 / Table 3,"Although the approach of Sarkar et al. produces an error rate that is sometimes less than the one of WHAT, it requires the highest number of measurements ... we cannot recommend this approach","[34] Sarkar, Guo, Siegmund, Apel, Czarnecki. Cost-efficient sampling for performance prediction of configurable systems. ASE 2015.",
faster_discovery_of_faster_system_config,Sarkar et al. reported low mean error rates,Sarkar et al. reported low mean error rates,sanitycheck,True,False,supports,False,medium,8 Reliability and Validity,Our low mu values are consistent with prior work [34],"[34] Sarkar, Guo, Siegmund, Apel, Czarnecki. Cost-efficient sampling for performance prediction of configurable systems. ASE 2015.",
faster_discovery_of_faster_system_config,Configurable-system performance data (Siegmund; Apel),"Configurable-system performance datasets (Apache, BDBC, BDBJ, LLVM, SQLite, x264)",dataset,True,True,neutral,True,medium,4.2 Subject Systems / Table 1 / 10 Conclusions,We evaluated our approach on six real-world configurable software systems borrowed from the literature ... all the data used in this work are available on-line in the PROMISE code repository,[39] Siegmund et al. Predicting performance via automated feature-interaction detection. ICSE 2012 (data via PROMISE openscience repo),http://openscience.us/repo/performance-predict/cpm.html
faster_discovery_of_faster_system_config,WHERE / WHAT spectral learners (Menzies group),WHERE spectral clusterer (Menzies et al.),software,True,True,supports,False,high,3.3 / 6.1 / 8,"WHERE = PDDP - PCA + FASTMAP; WHAT = WHERE + {S1, S2, S3} + CART ... all our algorithms are on-line at github.com/ai-se/where","[29] Menzies, Butcher, Cok, Marcus, Layman, Shull, Turhan, Zimmermann. Local versus global lessons for defect prediction and effort estimation. TSE 39(6), 2013.",github.com/ai-se/where
faster_discovery_of_faster_system_config,"Clustering methods (DBSCAN, HDBSCAN, CURE, Fastmap)",FASTMAP (Faloutsos and Lin),methodology,False,True,supports,False,high,3.1 / 3.3,"The FASTMAP method of Faloutsos and Lin [14], which rather than N^2 comparisons only performs 2N where N is the number of configurations","[14] Faloutsos, Lin. Fastmap: A fast algorithm for indexing, data-mining and visualization of traditional and multimedia datasets. SIGMOD 1995.",
faster_discovery_of_faster_system_config,PDDP principal direction divisive partitioning (Boley),PDDP principal direction divisive partitioning (Boley),methodology,False,False,neutral,False,medium,3.3,"A spectral-learning algorithm initially inspired by Boley's PDDP system [4], which we modify by replacing PCA with FASTMAP","[4] Boley. Principal direction divisive partitioning. Data Mining and Knowledge Discovery 2(4), 1998.",
faster_discovery_of_faster_system_config,"Clustering methods (DBSCAN, HDBSCAN, CURE, Fastmap)",Platt: FASTMAP is a Nystrom approximation to first PCA component,theory,False,False,supports,False,medium,3.1,which Platt has shown computes a Nystrom approximation to the first component of PCA [32],"[32] Platt. Fastmap, metricmap, and landmark mds are all nystrom algorithms. AISTATS 2005.",
faster_discovery_of_faster_system_config,Random forests (Breiman),CART regression trees (Breiman et al.),methodology,False,True,supports,False,high,3.3 Regression-Tree Learning,we use a CART regression-tree learner [5] to build a performance predictor,"[5] Breiman, Friedman, Stone, Olshen. Classification and Regression Trees. CRC, 1984.",
faster_discovery_of_faster_system_config,scikit-learn,scikit-learn,software,False,True,neutral,False,high,8 Reliability and Validity,we took care to either clearly define our algorithms or use implementations from the public domain (SciKitLearn) [31],"[31] Pedregosa et al. Scikit-learn: Machine learning in Python. JMLR 12, 2011.",
faster_discovery_of_faster_system_config,WHERE / WHAT spectral learners (Menzies group),"GALE optimizer (Krall, Menzies, Davies)",software,True,True,supports,False,high,4.3 / 5.3 RQ3 / Table 2,"related that baseline to three optimizers (GALE [26], DE [40] and NSGA-II [9]) using their default parameters","[26] Krall, Menzies, Davies. Gale: Geometric active learning for search-based software engineering. TSE 41(10), 2015.",
faster_discovery_of_faster_system_config,"Classic search heuristics (GA, HC, Tabu, DE, ES, PSO, ILS, ...)",Differential Evolution (Storn and Price),software,False,True,supports,False,high,5.3 RQ3 / Table 2 / 8,"we run the model (generated by WHAT + S1) against other optimizers, such as NSGA-II and differential evolution [40]","[40] Storn, Price. Differential evolution - a simple and efficient heuristic for global optimization over continuous spaces. J Global Optim 11(4), 1997.",
faster_discovery_of_faster_system_config,NSGA-II (Deb et al.),NSGA-II (Deb et al.),software,False,True,supports,False,high,5.3 RQ3 / Table 2,"related that baseline to three optimizers (GALE [26], DE [40] and NSGA-II [9]) using their default parameters","[9] Deb, Pratap, Agarwal, Meyarivan. A fast and elitist multiobjective genetic algorithm: NSGA-II. TEC 6(2), 2002.",
faster_discovery_of_faster_system_config,Bootstrap significance test (Efron),Bootstrap significance test (Efron and Tibshirani),statmethod,False,True,neutral,False,high,5.4 RQ4,"For testing statistical significance, we used non-parametric bootstrap test 95% confidence [13]","[13] Efron, Tibshirani. An Introduction to the Bootstrap. CRC, 1994.",
faster_discovery_of_faster_system_config,A12 effect size (Vargha & Delaney; Arcuri & Briand),A12 effect size (Vargha and Delaney),statmethod,False,True,neutral,False,high,5.4 RQ4,"followed by an A12 test to check that any observed differences were not trivially small effects ... (as per Vargha [42], we say that a 'small' effect has a < 0.6)","[42] Vargha, Delaney. A critique and improvement of the CL common language effect size statistics of McGraw and Wong. JEBS 25(2), 2000.",
faster_discovery_of_faster_system_config,Scott-Knott ranking,Scott-Knott ranking (Mittas and Angelis),statmethod,False,True,neutral,False,high,5.4 RQ4 / Fig 7,we use the Scott-Knott test to recursively divide our optimizers ... This use of Scott-Knott is endorsed by Mittas and Angelis [30],"[30] Mittas, Angelis. Ranking and clustering software cost estimation models through a multiple comparisons algorithm. TSE 39(4), 2013.",
faster_discovery_of_faster_system_config,Scott-Knott ranking,"Scott-Knott usage in SE (Ghotra, McIntosh, Hassan)",statmethod,False,True,neutral,False,medium,5.4 RQ4,This use of Scott-Knott is endorsed by Mittas and Angelis [30] and by Hassan et al. [16],"[16] Ghotra, McIntosh, Hassan. Revisiting the impact of classification techniques on the performance of defect prediction models. ICSE 2015.",
faster_discovery_of_faster_system_config,Correlation dimension (Grassberger and Procaccia),Correlation dimension (Grassberger and Procaccia),methodology,False,True,supports,False,high,6.2 Testing Technique / Fig 8,we borrow the concept of correlation dimension from the domain of physics [17] ... we estimate the intrinsic dimensionality as the mean slope between ln(C(r)) and ln(r),"[17] Grassberger, Procaccia. Measuring the strangeness of strange attractors. Physica D 9(1-2), 1983.",
faster_discovery_of_faster_system_config,WHERE / WHAT spectral learners (Menzies group),Kamvar et al. definition of 'spectral learner',methodology,False,False,supports,False,medium,9 Related Work,"Hence, this method is a 'spectral clusterer' in the general Kamvar sense. Note that, for our data, we have not found that Kamvar's normalization matrices are needed.","[25] Kamvar, Klein, Manning. Spectral learning. IJCAI 2003.",
faster_discovery_of_faster_system_config,Xu et al.: developers ignore 5/6ths of configuration options,Xu et al.: developers ignore 5/6ths of configuration options,numericfact,False,False,supports,False,high,1 Introduction,"developers tend to ignore over 5/6ths of the configuration options, which leaves considerable optimization potential untapped and induces major economic cost [44]","[44] Xu, Jin, Fan, Zhou, Pasupathy, Talwadker. Hey, you have given me too many knobs! FSE 2015.",
faster_discovery_of_faster_system_config,Zhang et al. Fourier learning sample-size result,Zhang et al. Fourier learning sample-size result,numericfact,False,False,refutes,False,medium,2 Background & Related Work,"While a theoretically satisfying result, that approach still needs thousands to hundreds of thousands of executions of sample configurations","[46] Zhang, Guo, Blais, Czarnecki. Performance prediction of configurable software systems by fourier learning. ASE 2015.",
faster_discovery_of_faster_system_config,WHERE / WHAT spectral learners (Menzies group),O(N^2) cost of standard PCA/spectral methods (Ilin and Raiko),numericfact,False,False,supports,False,low,3.1 Spectral Learning,a standard spectral method requires an O(N^2) matrix multiplication to compute the components of PCA [23],"[23] Ilin, Raiko. Practical approaches to principal component analysis in the presence of missing values. JMLR 11, 2010.",
faster_discovery_of_faster_system_config,Configurable-system performance data (Siegmund; Apel),Siegmund et al. internal/external validity framing,methodology,True,False,supports,False,medium,8 Reliability and Validity,Validity refers to the extent to which a piece of research actually investigates what the researcher purports to investigate [37],"[37] J. Siegmund, N. Siegmund, Apel. Views on internal and external validity in empirical software engineering. ICSE 2015.",
faster_discovery_of_faster_system_config,Burges: modeling in low intrinsic-dimension manifolds is easier,Burges: modeling in low intrinsic-dimension manifolds is easier,sanitycheck,False,False,supports,False,medium,7.2 Discussion,"Our results are inline with the observation made by Bruges, as we show that few samples are enough to model a large (sometimes millions) space","[6] Burges. Dimension reduction: A guided tour. Foundations and Trends in Machine Learning 2(4), 2010.",
faster_discovery_of_faster_system_config,Domingos: curse of dimensionality / blessing of non-uniformity,Domingos: curse of dimensionality / blessing of non-uniformity,sanitycheck,False,False,supports,False,medium,7.2 Discussion,Domingos [11] explains how our intuitions fail in higher dimensions ... what counteracts this is the 'blessing of non-uniformity',"[11] Domingos. A few useful things to know about machine learning. CACM 55(10), 2012.",
faster_discovery_of_faster_system_config,Chen et al.: Euclidean distance may miss most-dissimilar points,Chen et al.: Euclidean distance may miss most-dissimilar points,sanitycheck,True,False,neutral,False,low,7.3 Limitations,"there maybe systems where Euclidean distance (as used in this paper) cannot find the most dissimilar points [7]. For such systems, WHAT in current form will not be effective","[7] Chen, Nair, Krishna, Menzies. Is 'sampling' better than 'evolution' for search-based software engineering? arXiv:1608.07617, 2016.",arXiv:1608.07617
how_to_dodge_complex_software_analytics,Fast-and-frugal trees (Chen et al.; Phillips),"FFtrees for SE analytics (Chen et al., FSE'18)",steppingstone,True,True,neutral,False,high,5.2 RQ2 / 5.3 RQ3,"Fig. 8: RQ2 results. Defect prediction results for DODGE(.2), N = 30 vs (FFtrees, SMOTUNED, DE+RF, RANDOM).","[15] D. Chen et al., ""Applications of psychological science for actionable analytics,"" Foundations of Software Engineering, 2018.",
how_to_dodge_complex_software_analytics,Fast-and-frugal trees (Chen et al.; Phillips),"FFtrees for SE analytics (Chen et al., FSE'18)",replication,True,True,supports,False,high,1.1 Relation to Prior Work; 3; 6,this paper includes the prior results with that of Chen et al. results [15] ... our experimental rig repeats numerous prior studies (this time adding in DODGE(E)).,"[15] D. Chen et al., ""Applications of psychological science for actionable analytics,"" Foundations of Software Engineering, 2018.",
how_to_dodge_complex_software_analytics,Distance-to-heaven (d2h) metric,d2h 'distance to heaven' metric (Chen et al.),methodology,True,True,supports,False,high,2.3.1 Measures of Performance,"D2h, or ""distance to heaven"", shows how close scores fall to ""heaven"" (where recall=1 and false alarms (FPR)=0) [15].","[15] D. Chen et al., ""Applications of psychological science for actionable analytics,"" Foundations of Software Engineering, 2018.",
how_to_dodge_complex_software_analytics,Fast-and-frugal trees (Chen et al.; Phillips),FFTrees toolbox / depth-4 advice (Phillips et al.),methodology,False,True,supports,False,high,3 Motivation for new work,"Following the advice of [15], [51], we generate trees of depth of d = 4.","[51] N. D. Phillips, H. Neth, J. K. Woike, and W. Gaissmaier, ""Fftrees: A toolbox to create, visualize, and evaluate fast-and-frugal decision trees,"" JDM, 2017.",
how_to_dodge_complex_software_analytics,Fast-and-frugal trees (Martignon et al.),Fast-and-frugal trees (Martignon et al.),methodology,False,True,supports,False,medium,3 Motivation for new work,"Fast and Frugal Trees (FFtrees) were developed by psychological scientists [33] trying to generate succinct, easily comprehensible models.","[33] L. Martignon, K. V. Katsikopoulos, and J. K. Woike, ""Categorization with limited resources: A family of simple heuristics,"" J. Math. Psych., 2008.",
how_to_dodge_complex_software_analytics,"SMOTUNED (Agrawal & Menzies, ICSE'18)","SMOTUNED (Agrawal & Menzies, ICSE'18)",steppingstone,True,True,neutral,False,high,5.2 RQ2,SMOTUNED is Agrawal et al. ICSE'18 [3]'s hyperparamater optimizer that tunes SMOTE ... Figure 8 compares hyperparameter optimizers with DODGE(.2),"[3] A. Agrawal and T. Menzies, ""Is better data better than better data miners?: on the benefits of tuning smote for defect prediction,"" ICSE, 2018.",
how_to_dodge_complex_software_analytics,"Agrawal & Menzies ICSE'18: tuning options, CK metric definitions, statistical protocol","Agrawal & Menzies ICSE'18: tuning options, CK metric definitions, statistical protocol",methodology,True,True,supports,False,high,Table 1; Table 5; 2.3.2,"Options in learners from recent SE papers on hyperparameter optimization [2], [3], [22], [24] ... For definitions on code metrics, please refer table 1 of [3].","[3] A. Agrawal and T. Menzies, ""Is better data better than better data miners?: on the benefits of tuning smote for defect prediction,"" ICSE, 2018.",
how_to_dodge_complex_software_analytics,Minkowski p>2 finding (Agrawal et al.),Minkowski p>2 finding (Agrawal et al.),numericfact,True,False,supports,False,medium,1 Introduction,a standard default is p = 2. Yet Agrawal et al. [3] found that p > 2 worked much better for their processing.,"[3] A. Agrawal and T. Menzies, ""Is better data better than better data miners?: on the benefits of tuning smote for defect prediction,"" ICSE, 2018.",
how_to_dodge_complex_software_analytics,Random forests (Breiman),DE+RF differential-evolution tuned random forest (Fu et al.),steppingstone,True,True,neutral,False,high,5.2 RQ2,DE+RF is a hyperparameter optimizer proposed by Fu et al. [23] that uses differential evolution to tune the control parameters of random forests.,"[23] W. Fu, V. Nair, and T. Menzies, ""Why is differential evolution better than grid search for tuning defect predictors?"" CoRR abs/1609.02613, 2016.",http://arxiv.org/abs/1609.02613
how_to_dodge_complex_software_analytics,"Tuning for software analytics with DE (Fu et al., IST'16)","Tuning for software analytics with DE (Fu et al., IST'16)",steppingstone,True,False,neutral,False,medium,1 Introduction (RQ2),DODGE(E) also did better than the IST'16 journal article that demonstrated the value of tuning for learners [22] by about 30% and 10%,"[22] W. Fu, T. Menzies, and X. Shen, ""Tuning for software analytics: Is it really necessary?"" Information and Software Technology, 2016.",
how_to_dodge_complex_software_analytics,"Tuning ranges / DE justification (Fu et al., IST'16)","Tuning ranges / DE justification (Fu et al., IST'16)",methodology,True,True,supports,False,medium,Table 1; 5.2 RQ2,SMOTUNED and DE+RF used DE since (a) DE can handle numeric and discrete options; and (b) it has proven useful in prior SE studies [22].,"[22] W. Fu, T. Menzies, and X. Shen, ""Tuning for software analytics: Is it really necessary?"" Information and Software Technology, 2016.",
how_to_dodge_complex_software_analytics,"32 classifiers in 4 rank groups (Ghotra et al., ICSE'15)","32 classifiers in 4 rank groups (Ghotra et al., ICSE'15)",steppingstone,False,False,neutral,False,medium,1 Introduction (RQ2); 3,DODGE(E) out-performed an ICSE'15 article exploring different learners for defect prediction [24] by around 50% and 40% for d2h and Popt(20),"[24] B. Ghotra, S. McIntosh, and A. E. Hassan, ""Revisiting the impact of classification techniques on the performance of defect prediction models,"" ICSE, 2015.",
how_to_dodge_complex_software_analytics,Learner selection from Ghotra et al. rank groups,Learner selection from Ghotra et al. rank groups,methodology,False,True,supports,False,high,3 Motivation for new work,"Ghotra et al. [24] was used to guide learner selection ... We picked at random from each of their ranks to select SL, NB, EM, SMO","[24] B. Ghotra, S. McIntosh, and A. E. Hassan, ""Revisiting the impact of classification techniques on the performance of defect prediction models,"" ICSE, 2015.",
how_to_dodge_complex_software_analytics,Config-tuning and analytics data (Fu; Jamshidi; Guo; Ha; Weber; Krishna),"LDADE tuned topic modeling (Agrawal, Fu, Menzies, IST'18)",steppingstone,True,True,neutral,False,high,5.3 RQ3; 7 Related Work,LDADE FFT and LDADE SVM both used differential evolution [55] ... DODGE(E) performs better than the IST'18 journal article ... [2] by about 20%,"[2] A. Agrawal, W. Fu, and T. Menzies, ""What is wrong with topic modeling? and how to fix it using search-based software engineering,"" IST, vol. 98, 2018.",
how_to_dodge_complex_software_analytics,LDA topic modeling (Blei et al.),"PITS vectorization / LDA protocol and statistical protocol (Agrawal et al., IST'18)",methodology,True,True,supports,False,high,2.1.1; 2.3.2,"Here, we used those which have been past peer reviewed in the literature [2], [3]. Specifically, we use Efron's 95% confidence bootstrap procedure [18] and the A12 test [6].","[2] A. Agrawal, W. Fu, and T. Menzies, ""What is wrong with topic modeling? and how to fix it using search-based software engineering,"" IST, vol. 98, 2018.",
how_to_dodge_complex_software_analytics,LDA topic modeling (Blei et al.),"LDA-GA genetic-algorithm tuned LDA (Panichella et al., ICSE'13)",steppingstone,False,True,neutral,False,high,5.3 RQ3; 7 Related Work,LDAGA SVM used its own genetic algorithm ... DODGE(E) performs better than the ICSE'13 article that applied genetic algorithms to learn the settings for a text miner [48],"[48] A. Panichella, B. Dit, R. Oliveto, M. Di Penta, D. Poshyvanyk, and A. De Lucia, ""How to effectively use topic models for software engineering tasks?"" ICSE, 2013.",
how_to_dodge_complex_software_analytics,Random search baseline (Bergstra & Bengio; Arcuri & Briand),Random search (Bergstra & Bengio),steppingstone,False,True,neutral,False,medium,5.2 RQ2; 7 Related Work,a random search method that picks 30 random options (equivalent N as of DODGE(E)) from Table 1 ... random performs badly and never defeats DODGE(E).,"[9] J. Bergstra and Y. Bengio, ""Random search for hyper-parameter optimization,"" Journal of Machine Learning Research, 2012.",
how_to_dodge_complex_software_analytics,"Classic search heuristics (GA, HC, Tabu, DE, ES, PSO, ILS, ...)",Differential evolution (Storn & Price),software,False,True,neutral,False,high,5.2 RQ2; 7 Related Work,SMOTUNED uses differential evolutionary algorithm [55] ... LDADE FFT and LDADE SVM both used differential evolution [55].,"[55] R. Storn and K. Price, ""Differential evolution-a simple and efficient heuristic for global optimization over continuous spaces,"" J. Global Optimization, 1997.",
how_to_dodge_complex_software_analytics,scikit-learn,Scikit-learn (Pedregosa et al.),software,False,True,neutral,False,high,Table 1; 3,consulting the documentation of a widely-used data mining library (Scikit-learn [49]) ... we use them with their defaults from Scikit-learn [49].,"[49] F. Pedregosa, G. Varoquaux, A. Gramfort, et al., ""Scikit-learn: Machine learning in python,"" JMLR, vol. 12, 2011.",
how_to_dodge_complex_software_analytics,NLTK toolkit (Bird),NLTK toolkit (Bird),software,False,True,neutral,False,high,2.1.1 Data and Algorithms for Text Mining,We implemented stop words removal using NLTK toolkit [12],"[12] S. Bird, ""Nltk: the natural language toolkit,"" in Proceedings of the COLING/ACL on Interactive presentation sessions, 2006, pp. 69-72.",
how_to_dodge_complex_software_analytics,Porter stemmer,Porter stemmer,software,False,True,neutral,False,high,2.1.1 Data and Algorithms for Text Mining,"Next, Porter's stemming filter [52] was used to delete uninformative word endings","[52] M. Porter, ""The Porter Stemming Algorithm,"" pp. 130-137, 1980. http://tartarus.org/martin/PorterStemmer/",http://tartarus.org/martin/PorterStemmer/
how_to_dodge_complex_software_analytics,"Standard text mining filters (Feldman, Text Mining Handbook)","Standard text mining filters (Feldman, Text Mining Handbook)",methodology,False,True,neutral,False,low,2.1.1,"For this study, all datasets were preprocessed using the usual text mining filters [19].","[19] R.-S. Feldman, J, The Text Mining Handbook. New York: Cambridge University Press, 2006.",
how_to_dodge_complex_software_analytics,LDA topic modeling (Blei et al.),Latent Dirichlet Allocation (Blei et al.),software,False,True,neutral,False,high,Table 1; 2.1.1,"LatentDirichletAllocation(n components=a, ...) ... We studied LDA since it is a widely-used technique in prominent SE research articles [2].","[13] D. M. Blei, A. Y. Ng, and M. I. Jordan, ""Latent dirichlet allocation,"" Journal of machine Learning research, vol. 3, 2003, pp. 993-1022.",
how_to_dodge_complex_software_analytics,SMOTE (Chawla et al.),SMOTE (Chawla et al.),software,False,True,neutral,False,high,2.2.1; Table 1,A standard trick for class imbalance is SMOTE [14] that synthetically create members of the minority class. Table 1 show controlled parameters of SMOTE.,"[14] N. V. Chawla et al., ""Smote: Synthetic minority over-sampling technique,"" J. Artif. Int. Res., 2002.",
how_to_dodge_complex_software_analytics,NASA PITS issue-report text data (PitsA-F),NASA PITS issue-report text data (PitsA-F),dataset,True,True,neutral,True,high,2.1.1; Table 2,"Table 2 describes our PITS data, which comes from six different NASA systems ... Data comes from the SEACRAFT repository: http://tiny.cc/seacraft","[34] T. Menzies, ""Improving IV&V techniques through the analysis of project anomalies: Text mining pits issue reports-final report,"" 2008; [37] Menzies & Marcus, ICSM 2008.",http://tiny.cc/seacraft
how_to_dodge_complex_software_analytics,"PROMISE / SEACRAFT repository (NASA, SOFTLAB, Jureczko)","SEACRAFT/PROMISE Java defect data (poi, lucene, camel, log4j, xerces, velocity, xalan, ivy, synapse, jedit)",dataset,False,True,neutral,True,high,2.2.1; Table 6,Our defect predictors where applied to the data described in Table 6 ... this data is available for multiple software versions (from http://tiny.cc/seacraft).,http://tiny.cc/seacraft (no origin paper cited; metric definitions per table 1 of [3]),http://tiny.cc/seacraft
how_to_dodge_complex_software_analytics,Fault concentration (Ostrand; Hamill),Popt at 20% of code (Ostrand et al.),methodology,False,True,supports,False,high,2.3.1 Measures of Performance,"Following from the recommendations of Ostrand et al. [46], Popt is reported at the 20% point","[46] T. J. Ostrand, E. J. Weyuker, and R. M. Bell, ""Where the bugs are,"" in ACM SIGSOFT Software Engineering Notes. ACM, 2004.",
how_to_dodge_complex_software_analytics,JIT defect prediction (Kamei; Commit.Guru),Normalized Popt (Kamei et al.; Yang et al.; Monden et al.),methodology,False,True,supports,False,high,2.3.1 Measures of Performance,"Kamei, Yang et al. [28], [40], [66] normalized Popt using: Popt(m) = 1 - (S(optimal) - S(m)) / (S(optimal) - S(worst))","[28] Y. Kamei et al., ""A large-scale empirical study of just-in-time quality assurance,"" TSE 2013; [66] Y. Yang et al., FSE 2016; [40] Monden et al., TSE 2013.",
how_to_dodge_complex_software_analytics,Cohen / Sawilowsky small-effect rule,Cohen's d small-effect threshold,statmethod,False,True,neutral,False,high,2.3.2 Statistical Analysis,"To define ""small effect"", we use Cohen's delta [16]: d = small effect = 0.2 * sd ... i.e., 20% of the standard deviation.","[16] J. Cohen, Statistical power analysis for the behavioral sciences. Routledge, 2013.",
how_to_dodge_complex_software_analytics,Bootstrap significance test (Efron),Efron 95% confidence bootstrap,statmethod,False,True,neutral,False,high,2.3.2 Statistical Analysis; Fig. 9,"Specifically, we use Efron's 95% confidence bootstrap procedure [18] and the A12 test [6].","[18] B. Efron and R. J. Tibshirani, An Introduction to the Bootstrap. New York: Chapman & Hall, 1993.",
how_to_dodge_complex_software_analytics,A12 effect size (Vargha & Delaney; Arcuri & Briand),A12 effect size (Arcuri & Briand),statmethod,False,True,neutral,False,high,2.3.2 Statistical Analysis; Fig. 9,"then the A12 effect size test [6] (to demonstrate that the observed delta is bigger than a ""small effect"").","[6] A. Arcuri and L. Briand, ""A practical guide for using statistical tests to assess randomized algorithms in software engineering,"" ICSE, 2011.",
how_to_dodge_complex_software_analytics,Problems with precision (Menzies et al.),Problems with precision (Menzies et al.),sanitycheck,True,False,supports,False,high,2.3.1 Measures of Performance,We eschew precision and accuracy since these can be inaccurate for data sets where the target class is rare ... [35].,"[35] T. Menzies, A. Dekhtyar, J. Distefano, and J. Greenwald, ""Problems with precision: A response to ...,"" IEEE TSE, 2007.",
how_to_dodge_complex_software_analytics,epsilon-dominance / nature of SE data (Agrawal PhD dissertation),epsilon-dominance / nature of SE data (Agrawal PhD dissertation),methodology,True,False,supports,False,low,4 Research Method,"DODGE(E) is a method for learning what tunings are redundant; i.e., lead to results that are very similar to other tunings [1].","[1] A. Agrawal, ""On the nature of software engineering data (implications of ε-dominance in software engineering),"" Ph.D. dissertation, NCSU, 2019.",
how_to_dodge_complex_software_analytics,Interactions with big data analytics (Fisher et al.),Interactions with big data analytics (Fisher et al.),sanitycheck,False,False,supports,False,high,1 Introduction,"Fisher et al. [20] defines software analytics as a workflow ... Fisher et al warn that ""the luxuries of interactivity, direct manipulation, and fast system response are gone"".","[20] D. Fisher, R. DeLine, M. Czerwinski, and S. Drucker, ""Interactions with big data analytics,"" ACM interactions, 2012.",
how_to_dodge_complex_software_analytics,Defect-predictor tuning (Tantithamthavorn et al.),Grid-search tuning of defect predictors (Tantithamthavorn et al.),sanitycheck,False,False,refutes,False,medium,1; 5.2; 7 Related Work,"Despite this, some SE researchers persist in using grid search [56], [57]. ... DE's tandem search can outperform ... the grid search used by Tantithamthavorn et al.","[56] C. Tantithamthavorn, S. McIntosh, A. E. Hassan, K. Matsumoto, ""The impact of automated parameter optimization on defect prediction models,"" TSE 45(7), 2019; [57] ICSE 2016.",
how_to_dodge_complex_software_analytics,Parameter tuning or default values? (Arcuri & Fraser),Parameter tuning or default values? (Arcuri & Fraser),sanitycheck,False,False,refutes,False,medium,7 Related Work,"We conjecture that if they used DODGE(E), then they could have explored more parameters and possibly reversed their conclusion that hyperparameter optimization adds little extra value.","[7] A. Arcuri and G. Fraser, ""Parameter tuning or default values? an empirical investigation in search-based software engineering,"" EMSE, 2013.",
how_to_dodge_complex_software_analytics,LDA-GA (Panichella et al.),"12.7 CPU-weeks for 12,800 experiments (Panichella et al., ICST'15)",numericfact,False,False,neutral,False,high,7 Related Work,"their 12,800 experiments (each with a give-up time of 600 seconds), required 12.7 weeks of CPU to terminate.","[47] A. Panichella, F. M. Kifetew, and P. Tonella, ""Reformulating branch coverage as a many-objective optimization problem,"" ICST, 2015.",
how_to_dodge_complex_software_analytics,Landscape analysis features (Lunacek; Jones & Forrest; Kerschke),"1,000,000 test-suite evaluations for landscape analysis (Aleti et al.)",numericfact,False,False,neutral,False,high,7 Related Work,"To learn the landscape associated with the test suites of 19 software programs, 30 times, Aleti et al. [5] evaluated 1,000,000 test suites.","[5] A. Aleti, I. Moser, and L. Grunske, ""Analysing the fitness landscape of search-based software testing problems,"" Automated Software Engineering, 2017.",
how_to_dodge_complex_software_analytics,Practitioner survey on analytics adoption (Lo et al.),Practitioner survey: 90% willing to adopt defect prediction (Wan et al.),numericfact,False,False,supports,False,medium,2.2 Defect Prediction,"In a survey of 395 practitioners from 33 countries and five continents, Wan et al. [61] found that over 90% of the respondents were willing to adopt defect prediction","[61] Z. Wan, X. Xia, A. E. Hassan, D. Lo, J. Yin, and X. Yang, ""Perceptions, expectations, and challenges in defect prediction,"" IEEE TSE, 2018.",
how_to_dodge_complex_software_analytics,"Industrial defect predictor: 87% predicted, 72% less inspection (Misirli et al.)","Industrial defect predictor: 87% predicted, 72% less inspection (Misirli et al.)",numericfact,False,False,supports,False,medium,2.2 Defect Prediction,"those models could predict 87% of files with defects. Those models also decreased inspection efforts by 72%, and hence reduced post-release defects by 44%.","[39] A. T. Misirli, A. Bener, and R. Kale, ""Ai-based software defect predictors: Applications and benefits in a case study,"" IAAI, 2010.",
how_to_dodge_complex_software_analytics,Static bug finders vs statistical models (Rahman et al.),"Static bug finders vs statistical prediction (Rahman et al., ICSE'14)",sanitycheck,False,False,supports,False,medium,2.2 Defect Prediction,They found no significant differences in the cost-effectiveness of these approaches.,"[53] F. Rahman, S. Khatri, E. T. Barr, and P. Devanbu, ""Comparing static bug finders and statistical prediction,"" ICSE, 2014.",
how_to_dodge_complex_software_analytics,80% of business on unstructured data (White),80% of business on unstructured data (White),numericfact,False,False,supports,False,low,2.1 Text Mining,"According to White [63], 80% of business is conducted on unstructured data, 85% of all data stored is held in an unstructured format","[63] C. White, ""Consolidating, accessing and analyzing unstructured data,"" 2005, http://www.b-eye-network.com/view/2098.",http://www.b-eye-network.com/view/2098
500_times_faster_than_deep_learning,SVM,Fu & Menzies 2017 'Easy over Hard' DE-tuned SVM (RQ1 reproduction),replication,True,True,supports,False,high,"4 Results, RQ1",the first task as part of this experiment was to recreate Fu et al.'s work so that this study have a baseline to measure against,[12] Wei Fu and Tim Menzies. 2017. Easy over Hard: A Case Study on Deep Learning. arXiv preprint arXiv:1703.00133 (2017).,arXiv:1703.00133
500_times_faster_than_deep_learning,SVM,DE SVM global model (Fu et al. 2017) as comparison baseline,steppingstone,True,True,supports,False,high,"4 Results, RQ2/RQ3; Fig 5, Fig 6",It is 840% faster than the prior state-of-the-art results (Fu et al.'s 2017 DE SVM method),[12] Wei Fu and Tim Menzies. 2017. Easy over Hard: A Case Study on Deep Learning. arXiv preprint arXiv:1703.00133 (2017).,arXiv:1703.00133
500_times_faster_than_deep_learning,Fu et al.'s DE implementation (tuner code),Fu et al.'s DE implementation (tuner code),software,True,True,supports,False,high,3.2 Method; Fig 3,"to tune the learners, DE is being used, specifically Fu et al.'s DE implementation",[12] Wei Fu and Tim Menzies. 2017. Easy over Hard: A Case Study on Deep Learning. arXiv preprint arXiv:1703.00133 (2017).,arXiv:1703.00133
500_times_faster_than_deep_learning,word2vec (Mikolov et al.),word2vec models trained by Fu et al. on Stack Overflow java posts,software,True,True,supports,False,high,2.4 Word Embedding; 3.1 Data,This paper uses the word2vec models trained by Fu et al. [12] that converted the Stack Overflow text data into the corresponding vectors.,[12] Wei Fu and Tim Menzies. 2017. Easy over Hard: A Case Study on Deep Learning. arXiv preprint arXiv:1703.00133 (2017).,arXiv:1703.00133
500_times_faster_than_deep_learning,SVM,Fu et al. measurement: tuned SVM 84x faster than CNN,numericfact,True,False,supports,False,high,1 Introduction,"support vector machine (SVM) tuned via differential evolution (DE) could perform as well as CNN, while training 84 times faster",[12] Wei Fu and Tim Menzies. 2017. Easy over Hard: A Case Study on Deep Learning. arXiv preprint arXiv:1703.00133 (2017).,arXiv:1703.00133
500_times_faster_than_deep_learning,"Stack Overflow linkable knowledge-unit dataset (Xu et al. 2016; 6,400 train / 1,600 test)","Stack Overflow linkable knowledge-unit dataset (Xu et al. 2016; 6,400 train / 1,600 test)",dataset,False,True,neutral,True,high,3.1 Data,This experiment uses the same training and testing dataset as Xu et al. [52] and Fu et al. [12].,"[52] Bowen Xu, Deheng Ye, Zhenchang Xing, Xin Xia, Guibin Chen, Shanping Li. 2016. Predicting semantically linkable knowledge in developer online f...",
500_times_faster_than_deep_learning,CNN baseline (Xu et al.),Xu et al. 2016 CNN (compared against reported numbers),steppingstone,False,False,refutes,False,high,"3.1 Data; 4 Results RQ3; Fig 5, Fig 6",this study compares our results to those reported by Xu et al. ... CNN is beaten by many of the treatments shown here.,"[52] Bowen Xu, Deheng Ye, Zhenchang Xing, Xin Xia, Guibin Chen, Shanping Li. 2016. Predicting semantically linkable knowledge in developer online f...",
500_times_faster_than_deep_learning,CNN baseline (Xu et al.),Xu et al. measurement: CNN took 14 hours to train,numericfact,False,False,neutral,False,high,1 Introduction; 2.2 Deep Learning,"When Xu et al. applied CNN [21] (a specific kind of deep learner), that took 14 hours to train.","[52] Bowen Xu, Deheng Ye, Zhenchang Xing, Xin Xia, Guibin Chen, Shanping Li. 2016. Predicting semantically linkable knowledge in developer online f...",
500_times_faster_than_deep_learning,"Knowledge-unit relatedness task definition and 4-class link types (duplicate/direct/indirect/isolated) with precision/recall/F1 protocol (Xu et al., Fu et al.)","Knowledge-unit relatedness task definition and 4-class link types (duplicate/direct/indirect/isolated) with precision/recall/F1 protocol (Xu et al., Fu et al.)",methodology,True,True,neutral,False,high,"3.1 Data, Table 3; 3.3 Performance Criteria","this study collects and present the same metrics for performance evaluation as Xu et al. and Fu et al., in order to compare results. These metrics are precision, recall and F1 Score.",[52] Bowen Xu et al. 2016. Predicting semantically linkable knowledge in developer online forums via CNN. ASE; [12] Fu and Menzies 2017.,
500_times_faster_than_deep_learning,"Classic search heuristics (GA, HC, Tabu, DE, ES, PSO, ILS, ...)","Differential Evolution (Storn & Price) incl. parameter advice f, cf",methodology,False,True,supports,False,high,2.8 Parameter Tuning with DE; Fig 3,"As per Storn's advice [43] we use f = 0.75, cf = 0.3, lives = 60",[43] Rainer Storn and Kenneth Price. 1997. Differential evolution-a simple and efficient heuristic for global optimization over continuous spaces....,
500_times_faster_than_deep_learning,scikit-learn,"scikit-learn (KMeans, SVM, KNN modules)",software,False,True,neutral,False,high,2.7 KMeans Clustering; 2.8; 3.2 Method,This experiments uses the scikit-learn module sklearn.cluster.KMeans [37]. ... this study uses the SVM module from Scikit-learn [37],"[37] Fabian Pedregosa et al. 2011. Scikit-learn: Machine learning in Python. Journal of Machine Learning Research 12, Oct (2011), 2825-2830.",
500_times_faster_than_deep_learning,word2vec (Mikolov et al.),gensim word2vec module,software,False,True,neutral,True,medium,2.4 Word Embedding,then fitted into the gensim word2vec module [39]. This is a python wrapper over original word2vec package,[39] Radim Rehurek and Petr Sojka. 2010. Software framework for topic modelling with large corpora.,
500_times_faster_than_deep_learning,word2vec (Mikolov et al.),word2vec skip-gram embedding (Mikolov et al.),methodology,False,True,neutral,True,medium,2.4 Word Embedding; 3.1 Data,"continuous skip-gram model (word2vec), which is a unsupervised two-layer neural network that converts words into semantic vector representations [32] and is also used by Fu et al.","[32] Tomas Mikolov, Ilya Sutskever, Kai Chen, Greg S Corrado, and Jeff Dean. 2013. Distributed representations of words and phrases and their compo...",
500_times_faster_than_deep_learning,pandas dataframe,pandas dataframe,software,False,True,neutral,False,high,3.1 Data; Table 4,Both test and training data are in Pandas dataframe [27] format,[27] Wes McKinney. 2011. pandas: a foundational Python library for data analysis and statistics. Python for High Performance and Scientific Computi...,
500_times_faster_than_deep_learning,K-means++ seeding (Arthur & Vassilvitskii),k-means++ centroid initialization (Arthur & Vassilvitskii),methodology,False,True,neutral,False,high,3.2 Method,this study used the k-means++ algorithm [2] for the initialization of cluster centroids,[2] David Arthur and Sergei Vassilvitskii. 2007. k-means++: The advantages of careful seeding. 1027-1035.,
500_times_faster_than_deep_learning,GAP statistic for choosing k (Tibshirani et al.),GAP statistic for choosing k (Tibshirani et al.),statmethod,False,True,neutral,False,high,2.7 KMeans Clustering; Fig 2; 4 RQ2,"this study uses the GAP statistics to determine the optimal number of k or centroids for KMeans [33, 45]. ... Figure 2 describes the GAP statistic computation [45].","[45] Robert Tibshirani, Guenther Walther, and Trevor Hastie. 2001. Estimating the number of clusters in a data set via the gap statistic. JRSS B 63...",
500_times_faster_than_deep_learning,GAP statistic definition variant (Mohajer et al.),GAP statistic definition variant (Mohajer et al.),statmethod,False,True,neutral,False,medium,2.7; 4 Results RQ2,"this study have used the GAP statistic [33] [45] for finding the best number of clusters, using minimum and maximum number of clusters as 3 and 15","[33] Mojgan Mohajer, Karl-Hans Englmeier, and Volker J Schmid. 2011. A comparison of Gap statistic definitions with and without logarithm function....",arXiv:1103.4767
500_times_faster_than_deep_learning,Scott-Knott ranking,Scott-Knott ranking with bootstrap + Cliff's delta ('after Wu et al.'; no reference entry given),statmethod,True,True,neutral,False,medium,3.4 Statistical Analysis; Fig 6,"As per the recommendations of Wu et al., the Scott-Knott test uses the non-parametric bootstrap [10] method and Cliffs' Delta.","no numbered reference; text says 'After Wu et al., this study uses the Scott-Knott test' (likely Fu et al. [12] / Menzies group)",
500_times_faster_than_deep_learning,Bootstrap significance test (Efron),Non-parametric bootstrap (Efron),statmethod,False,True,neutral,False,high,3.4 Statistical Analysis,the Scott-Knott test uses the non-parametric bootstrap [10] method and Cliffs' Delta,"[10] Bradley Efron. 1982. The jackknife, the bootstrap and other resampling plans. SIAM.",
500_times_faster_than_deep_learning,Scott-Knott ranking,Ghotra et al. endorsement of Scott-Knott/effect-size tests,sanitycheck,False,False,supports,False,medium,3.4 Statistical Analysis,Note that these two tests are also used and endorsed by other SE researchers [14].,"[14] Baljinder Ghotra, Shane McIntosh, and Ahmed E Hassan. 2015. Revisiting the impact of classification techniques on the performance of defect pr...",
500_times_faster_than_deep_learning,F1 score metric definition (Sokolova et al.),F1 score metric definition (Sokolova et al.),methodology,False,True,neutral,False,high,3.2 Method; 3.3 Performance Criteria,The study uses F1 Score [42] to evaluate the intermediate models in DE,"[42] Marina Sokolova, Nathalie Japkowicz, and Stan Szpakowicz. 2006. Beyond accuracy, F-score and ROC: a family of discriminant measures for perfor...",
500_times_faster_than_deep_learning,Validation / effort-estimation metrics (Kohavi; Falessi; Sarro; Shepperd),10-fold cross-validation (Kohavi),methodology,False,True,neutral,False,high,3.2 Method,"In this study a 10-fold cross validation [24] has been used, which was repeated 10 times for the training data.","[24] Ron Kohavi et al. 1995. A study of cross-validation and bootstrap for accuracy estimation and model selection. In Ijcai, Vol. 14. 1137-1145.",
500_times_faster_than_deep_learning,Local vs global models concept (Menzies et al. 2011/2013),Local vs global models concept (Menzies et al. 2011/2013),methodology,True,False,supports,False,medium,2.3 Local Learning; 2.1 Motivation,"Menzies et al. [28] shows that for defect prediction and effort estimation, lessons learned from models build on small part of data set from PROMISE repository were superior","[29] Tim Menzies, Andrew Butcher, David Cok, et al. 2013. Local versus global lessons for defect prediction and effort estimation. IEEE TSE 39, 6 (...",
500_times_faster_than_deep_learning,Local models sometimes better (Bettenburg et al.),Local models sometimes better (Bettenburg et al.),sanitycheck,False,False,supports,False,medium,2.3 Local Learning,"Sometimes it can lead to better performance [5, 28, 30, 38].","[5] Nicolas Bettenburg, Meiyappan Nagappan, and Ahmed E Hassan. 2012. Think locally, act globally: Improving defect and effort prediction models. M...",
500_times_faster_than_deep_learning,Defect-data quality problems (Shepperd; Herbold),Herbold et al.: local-model benefit is learner specific,sanitycheck,False,False,neutral,False,medium,2.3 Local Learning,"recent studies have suggested for at least for defect prediction, the benefit of local model may be learner specific [20]","[20] Steffen Herbold, Alexander Trautsch, and Jens Grabowski. 2017. Global vs. local models for cross-project defect prediction. EMSE 22, 4 (2017),...",
500_times_faster_than_deep_learning,Fisher et al. definition of software analytics / cloud-batch frustration,Fisher et al. definition of software analytics / cloud-batch frustration,sanitycheck,False,False,supports,False,high,2.1 Motivation,"Fisher et al. document the issues seen by 16 industrial data scientists, one of whom remarks 'Fast iteration is key, but incompatible with the say jobs are submitted'","[11] Danyel Fisher, Rob DeLine, Mary Czerwinski, and Steven Drucker. 2012. Interactions with big data analytics. interactions 19, 3 (2012), 50-59.",
500_times_faster_than_deep_learning,Gu et al. measurement: deep API learning model took ~240 hours to train,Gu et al. measurement: deep API learning model took ~240 hours to train,numericfact,False,False,neutral,False,high,2.2 Deep Learning,GU et al. [17] reported in his paper that his deep learning model took almost 240 hours to train [17].,"[17] Xiaodong Gu, Hongyu Zhang, Dongmei Zhang, and Sunghun Kim. 2016. Deep API learning. FSE 2016. 631-642.",
500_times_faster_than_deep_learning,Wang/Harman et al. measurement: 15 CPU-years for clone-tool hyperparameter study,Wang/Harman et al. measurement: 15 CPU-years for clone-tool hyperparameter study,numericfact,False,False,neutral,False,high,"2.2 Deep Learning, footnote 3","In 2013, a team from UCL needed 15 years of CPU time to complete the hyperparameter optimization study of four software clone detection tools [48].","[48] Tiantian Wang, Mark Harman, Yue Jia, and Jens Krinke. 2013. Searching for Better Configurations: A Rigorous Approach to Clone Evaluation. ESEC...",https://doi.org/10.1145/2491411.2491420
500_times_faster_than_deep_learning,Lam et al.: precedent for comparing to published deep-learning numbers,Lam et al.: precedent for comparing to published deep-learning numbers,sanitycheck,False,False,supports,False,medium,2.2 Deep Learning,"this is one of the reasons for SE community and this paper to directly utilizes the results published for comparison [12, 25].","[25] An Ngoc Lam, Anh Tuan Nguyen, Hoan Anh Nguyen, and Tien N Nguyen. 2015. Combining deep learning with information retrieval to localize buggy f...",
we_don_t_need_another_hero,Yamashita et al. 80/20 Pareto hero-project definition,Yamashita et al. 80/20 Pareto hero-project definition,methodology,False,True,supports,False,high,3.2 Metric Extraction,"if the number of commits made by 20% of developers is more than 80% of the commits, they are classified as Hero Projects (thresholds selected based on the advice of Yamashita et al [39])","[39] Yamashita, McIntosh, Kamei, Hassan, Ubayashi. 2015. Revisiting the applicability of the pareto principle to core development teams in OSS. IWPSE.",
we_don_t_need_another_hero,Gautam et al. team-size bands (small/medium/large),Gautam et al. team-size bands (small/medium/large),methodology,False,True,supports,False,high,3.2 Metric Extraction,"After applying the advice of Gautam et al. [14], we use 3 team sizes: Small teams: number of developers > 8 but less than 15","[14] Gautam, Vishwasrao, Servant. 2017. An empirical study of activity, popularity, size, testing, and stability in continuous integration. MSR.",
we_don_t_need_another_hero,GitHub data and mining pitfalls (Kalliamvakou et al.),Kalliamvakou et al. GitHub project filtering advice,methodology,False,True,supports,False,high,3.1 Data,"We started off with 1,108 Public and 538 Enterprise Github projects. Following the advice of others [21] [5], we pruned as follows","[21] Kalliamvakou, Gousios, Blincoe, Singer, German, Damian. 2014. The promises and perils of mining github. MSR.",
we_don_t_need_another_hero,Bird et al. git-mining perils / filtering advice,Bird et al. git-mining perils / filtering advice,methodology,False,True,supports,False,high,3.1 Data,"Following the advice of others [21] [5], we pruned as follows: Collaboration ... Commits ... Duration ... Issues ... Personal Purpose","[5] Bird, Rigby, Barr, Hamilton, German, Devanbu. 2009. The promises and perils of mining git. MSR.",
we_don_t_need_another_hero,Munaiah et al. curating engineered GitHub projects,Munaiah et al. curating engineered GitHub projects,methodology,False,True,supports,False,medium,3.1 Data,"Studies done by [5, 21, 29] advice that researchers should filter out the projects which will not be suitable for analysis.","[29] Munaiah, Kroh, Cabrey, Nagappan. 2017. Curating GitHub for engineered software projects. Empirical Software Engineering.",https://doi.org/10.1007/s10664-017-9512-6
we_don_t_need_another_hero,GitHub data and mining pitfalls (Kalliamvakou et al.),GitHub Showcases project list,dataset,False,True,neutral,False,high,3.1 Data,a selected set of projects are marked as showcases ... [16]. By selecting these Github projects we can ensure we are using an interesting and representative set of open source projects.,[16] Github. 2017. Github Showcases. https://github.com/showcases. [Online; accessed 13-October-2017].,https://github.com/showcases
we_don_t_need_another_hero,GitHub data and mining pitfalls (Kalliamvakou et al.),GitHub API,software,False,True,neutral,False,medium,3.1 Data,We used the Github API to extract necessary information from these projects and tested each criteria stated above.,,
we_don_t_need_another_hero,Scott-Knott ranking,Scott-Knott ranking (Mittas & Angelis),statmethod,False,True,supports,False,high,3.3 Statistical Tests,"For the significance test, we use the Scott-Knott procedure recommended at TSE'13 [25] and ICSE'15 [15]. This technique recursively bi-clusters a sorted set of numbers.",[25] Mittas and Angelis. 2013. Ranking and clustering software cost estimation models through a multiple comparisons algorithm. IEEE TSE 39(4).,
we_don_t_need_another_hero,Scott-Knott ranking,Scott-Knott ranking (Ghotra et al.),statmethod,False,True,supports,False,high,3.3 Statistical Tests,we use the Scott-Knott procedure recommended at TSE'13 [25] and ICSE'15 [15],"[15] Ghotra, McIntosh, Hassan. 2015. Revisiting the impact of classification techniques on the performance of defect prediction models. ICSE, 789-800.",
we_don_t_need_another_hero,A12 effect size (Vargha & Delaney; Arcuri & Briand),A12 effect size (Arcuri & Briand guide),statmethod,False,True,supports,False,high,3.3 Statistical Tests,our hypothesis test H was a conjunction of the A12 effect size test (endorsed by [1]) and nonparametric bootstrap sampling [13],"[1] Arcuri and Briand. 2011. A practical guide for using statistical tests to assess randomized algorithms in software engineering. ICSE, 1-10.",
we_don_t_need_another_hero,Bootstrap significance test (Efron),Non-parametric bootstrap (Efron & Tibshirani),statmethod,False,True,supports,False,high,3.3 Statistical Tests,our Scott-Knott divided the data if both bootstrapping and an effect size test agreed that the division was statistically significant (90% confidence) and not a small effect (A12 >= 0.6),"[13] Efron and Tibshirani. 1994. An introduction to the bootstrap. Chapman and Hall, London.",
we_don_t_need_another_hero,Cabot et al. issue label taxonomy (bug/enhancement tags),Cabot et al. issue label taxonomy (bug/enhancement tags),methodology,False,True,supports,False,high,6 Threats to Validity,"To reduce the impact of this problem, we did take precautionary step to (e.g.,) include various tag identifiers from Cabot et al. [9].","[9] Cabot, Canovas Izquierdo, Cosentino, Rolandi. 2015. Exploring the use of labels to categorize issues in open-source software projects. SANER.",
we_don_t_need_another_hero,Software-engineering folklore and fuzzing observations,Kocaguneli et al. 'build effect' (Microsoft build engineers),numericfact,True,False,neutral,False,high,4.1 RQ1,"Kocaguneli reported an extremely small number of build engineers (dozens, out of a total population of thousands of engineers). The heroes found in this study are far more frequent than that.","[22] Kocaguneli, Zimmermann, Bird, Nagappan, Menzies. 2013. Distributed development considered harmful?. ICSE, 882-890.",https://doi.org/10.1109/ICSE.2013.6606637
we_don_t_need_another_hero,Pinto et al. casual-contributor measurements (275 OSS projects),Pinto et al. casual-contributor measurements (275 OSS projects),numericfact,False,False,supports,False,medium,4.1 RQ1 / 2.1,77% and 78% projects are driven by hero or core developers in Public and Enterprise projects respectively. This trend was also observed by Pinto et al. [32].,"[32] Pinto, Steinmacher, Gerosa. 2016. More common than you think: An in-depth study of casual contributors. SANER, 112-123.",
we_don_t_need_another_hero,Brooks's law / Mythical Man-Month,Brooks chief-programmer / 5-10x productivity conjecture,numericfact,False,False,supports,False,medium,5 Discussion,our definition of hereos (80% of the work done by 20% of the developers) is consistent with the Brooks's conjecture that heroes are five times more productive than the other team members.,"[8] Frederick P Brooks Jr. 1975. The Mythical Man-Month: Essays on Software Engineering, Anniversary Edition. Pearson Education India.",
we_don_t_need_another_hero,"Bier et al. 'communities of experts, not cowboy programmers' (anti-hero wisdom)","Bier et al. 'communities of experts, not cowboy programmers' (anti-hero wisdom)",sanitycheck,False,False,refutes,False,medium,4.2 RQ2 / 4.3.1 RQ3a,"That is, contrary to established wisdom in the field [4], what we see here is most projects make extensive use of heroes.","[4] Bier, Lovett, Seacord. 2011. An online learning approach to information systems security education. 15th CISSE.",
we_don_t_need_another_hero,Ye & Kishida OSS developer-role taxonomy,Ye & Kishida OSS developer-role taxonomy,methodology,False,False,supports,False,medium,2.1 Project Roles,"Following on from Ye and Martinez et al. [24, 40], we say that there are many developer roles within a Public or Enterprise software project: Project leaders ... Core members ...","[40] Ye and Kishida. 2003. Toward an understanding of the motivation Open Source Software developers. ICSE, 419-429.",
we_don_t_need_another_hero,Martinez-Torres & Diaz-Fernandez OSS community roles,Martinez-Torres & Diaz-Fernandez OSS community roles,methodology,False,False,supports,False,low,1 Intro / 2.1 Project Roles,"Such developers are sometimes called Hero/ Core/ lone contributors [24]. ... Following on from Ye and Martinez et al. [24, 40], we say that there are many developer roles",[24] Martinez-Torres and Diaz-Fernandez. 2014. Current issues and research trends on open-source software communities. Tech. Anal. & Strat. Mgmt.,
we_don_t_need_another_hero,Goeminne & Mens Pareto principle in OSS activity,Goeminne & Mens Pareto principle in OSS activity,methodology,False,False,supports,False,low,1 Introduction,"In the literature [17, 35, 36, 39], it is usual to define a hero project as one where 80% of the contributions are made by 20% of the developers.","[17] Goeminne and Mens. 2011. Evidence for the pareto principle in open source software activity. MDSM/SQM workshops, 74-82.",
we_don_t_need_another_hero,Robles et al. core-team evolution (80/20 core definition),Robles et al. core-team evolution (80/20 core definition),methodology,False,False,supports,False,low,2.1 Project Roles,"Core developers are said to contribute roughly 80% of the code who are just about 20% of their project team size [17, 35, 36, 39].","[35] Robles, Gonzalez-Barahona, Herraiz. 2009. Evolution of the core team of developers in libre software projects. MSR, 167-170.",
we_don_t_need_another_hero,Martinez Torres et al. core team role analysis (80/20 core definition),Martinez Torres et al. core team role analysis (80/20 core definition),methodology,False,False,supports,False,low,2.1 Project Roles,"Core developers are said to contribute roughly 80% of the code who are just about 20% of their project team size [17, 35, 36, 39].","[36] Martinez Torres, Toral, Perales, Barrero. 2011. Analysis of the core team role in open source communities. CISIS, 109-114.",
we_don_t_need_another_hero,Jarczyk et al. GitHub quality metrics (issue resolution rate and time),Jarczyk et al. GitHub quality metrics (issue resolution rate and time),methodology,False,True,supports,False,medium,2.2 Related Work (motivates the 6 metrics of 3.2),"Lowering the issues/bugs/enhancements resolution times [2, 6, 18, 20, 26, 34]; Increasing the number of issues/bugs/enhancements being resolved [20].","[20] Jarczyk, Gruszka, Jaroszewicz, Bukowski, Wierzbicki. 2014. Github projects. quality analysis of open-source software. SocInfo, 80-94.",
we_don_t_need_another_hero,Bissyande et al. GitHub issue-tracker study (resolution-time metric),Bissyande et al. GitHub issue-tracker study (resolution-time metric),methodology,False,True,supports,False,low,2.2 Related Work (motivates the 6 metrics of 3.2),"Lowering the issues/bugs/enhancements resolution times [2, 6, 18, 20, 26, 34]","[6] Bissyande, Lo, Jiang, Reveillere, Klein, Le Traon. 2013. Got issues? who cares about it? large scale investigation of github issue trackers. ISSRE",
we_don_t_need_another_hero,Athanasiou et al. issue handling performance metric,Athanasiou et al. issue handling performance metric,methodology,False,True,supports,False,low,2.2 Related Work (motivates the 6 metrics of 3.2),"Lowering the issues/bugs/enhancements resolution times [2, 6, 18, 20, 26, 34]","[2] Athanasiou, Nugroho, Visser, Zaidman. 2014. Test code quality and its relation to issue handling performance. IEEE TSE 40(11), 1100-1125.",
sampling_as_a_baseline_optimizer_for_se,NSGA-II (Deb et al.),NSGA-II (Deb et al.),steppingstone,False,True,supports,False,high,4.1.1 / 4.2 / Table 2,"In our experiments, we will compare SWAY with the NSGA-II algorithm in solving XOMO cases.","[17] Deb, Agrawal, Pratap, Meyarivan. A fast elitist non-dominated sorting genetic algorithm for multi-objective optimization: NSGA-II. PPSN 2000.",
sampling_as_a_baseline_optimizer_for_se,NSGA-II (Deb et al.),NSGA-II non-dominated sorting + crowding selection (Deb et al. 2002),methodology,False,True,supports,False,high,4.2,we also used the NSGA-II selection operator to find the Pareto frontier among the set of initial candidates ... we call this method the GROUNDTRUTH.,"[18] Deb, Pratap, Agarwal, Meyarivan. A fast and elitist multiobjective genetic algorithm: NSGA-II. IEEE TEVC 6(2):182-197, 2002.",
sampling_as_a_baseline_optimizer_for_se,SATIBEA (Henard et al.),SATIBEA (Henard et al.),steppingstone,False,True,supports,False,high,4.1.3 / 4.2,"To the best of our knowledge, the SATIBEA method is the best algorithm to find the optimal SPL ... Consequently, we will compare SWAY with SATIBEA algorithm.","[30] Henard, Papadakis, Harman, Le Traon. Combining multi-objective search and constraint solving for configuring large software product lines. ICS...",
sampling_as_a_baseline_optimizer_for_se,SATIBEA control parameters (Henard et al.),SATIBEA control parameters (Henard et al.),methodology,False,True,neutral,False,high,4.2,"When applying SATIBEA to the software product line models, we used the control parameters suggested by Henard et al. [30].","[30] Henard, Papadakis, Harman, Le Traon. Combining multi-objective search and constraint solving for configuring large software product lines. ICS...",
sampling_as_a_baseline_optimizer_for_se,SPEA2 (Zitzler et al.),IBEA indicator-based selection (Zitzler & Kunzli),software,False,True,neutral,True,medium,5.2 / 4.1.3,this state-of-the-art is one of (a) the grid-search-tuned NSGA-II or (b) combining the SAT solver and IBEA algorithm.,"[76] Zitzler, Kunzli. Indicator-based selection in multiobjective search. PPSN 2004, pp. 832-842.",
sampling_as_a_baseline_optimizer_for_se,"POM3 / XOMO / COC1000 process models (Chen, Nair, Menzies)",XOMO model (Menzies & Richardson),software,True,True,supports,False,high,4.1.1,"XOMO, introduced in [45], is a general framework for Monte Carlo simulations that combine four COCOMO-like software process models","[45] Tim Menzies and Julian Richardson. Xomo: Understanding development options for autonomy. In COCOMO forum, volume 2005, 2005.",
sampling_as_a_baseline_optimizer_for_se,"POM3 / XOMO / COC1000 process models (Chen, Nair, Menzies)",JPL XOMO scenarios FLIGHT/GROUND/OSP/OSP2 (Menzies et al.),dataset,True,True,supports,False,high,4.1.1 / Fig. 4,"In our case studies with XOMO, we use four scenarios taken from NASA's Jet Propulsion Laboratory [47].","[47] Menzies, Williams, El-Rawas, Boehm, Hihn. How to avoid drastic software process change (using stochastic stability). ICSE'09, 2009.",
sampling_as_a_baseline_optimizer_for_se,COCOMO models and data (Boehm; Menzies),COCOMO II effort/defect models (Boehm et al.),methodology,False,True,supports,True,medium,4.1.1,Effort and defects are predicted from mathematical models derived from data collected from hundreds of commercial and Defense Department projects [9].,"[9] Boehm, Horowitz, Madachy, Reifer, Clark, Steece, Brown, Chulani, Abts. Software Cost Estimation with Cocomo II. Prentice Hall, 2000.",
sampling_as_a_baseline_optimizer_for_se,"POM3 / XOMO / COC1000 process models (Chen, Nair, Menzies)","POM3 agile simulation model (Port, Olkov, Menzies)",software,True,True,supports,False,high,4.1.2,"POM3 model is a tool for exploring the management challenge of agile development [8], [10], [56]","[56] D. Port, A. Olkov, and T. Menzies. Using simulation to investigate requirements prioritization strategies. In Automated Software Engineering,...",
sampling_as_a_baseline_optimizer_for_se,"POM3 / XOMO / COC1000 process models (Chen, Nair, Menzies)",Boehm & Turner agile factors (POM3 inputs),methodology,False,True,supports,True,medium,4.1.2 / Fig. 5,These inputs come from Turner & Boehm's analysis of factors that control how well organizers can react to agile development practices [10].,"[10] Barry Boehm and Richard Turner. Balancing Agility and Discipline: A Guide for the Perplexed. Addison-Wesley Longman, 2003.",
sampling_as_a_baseline_optimizer_for_se,"POM3 / XOMO / COC1000 process models (Chen, Nair, Menzies)",POM3a/b/c scenarios and NSGA-II results (Lekkalapudi thesis),numericfact,False,False,supports,False,medium,4.1.2,"From Lekkalapudi's report, NSGA-II can solve this problem and return quite good results. Consequently ... we will compare SWAY with the NSGA-II algorithm","[39] Naveen Kumar Lekkalapudi. Cross trees: Visualizing estimations using decision trees. West Virginia University, 2014.",
sampling_as_a_baseline_optimizer_for_se,"POM3 / XOMO / COC1000 process models (Chen, Nair, Menzies)","GALE prior results on XOMO/POM3 (Krall, Menzies, Davies)",numericfact,True,False,supports,False,medium,4.1 / 4.2,"we added the POM3 model ... since prior work showed that POM3 is very slow to optimize [35]. ... Best prior results for XOMO and POM3 were reported using NSGA-II [17], [35]","[35] J. Krall, T. Menzies, and M. Davies. Gale: Geometric active learning for search-based software engineering. IEEE TSE 41(10):1001-1018, 2015.",
sampling_as_a_baseline_optimizer_for_se,SWAY / plain samplers (Chen et al.),"Preliminary SWAY / continuous SPLIT (Nair, Menzies, Chen SSBSE'16)",replication,True,True,supports,False,high,1.1 / 3.4,"That subsequent report evaluated a preliminary version of SWAY using results from two similar models, XOMO and POM3 ... As described in [49], use Algorithm 2 for numeric models.","[49] Vivek Nair, Tim Menzies, Jianfeng Chen. An (accidental) exploration of alternatives to evolutionary algorithms for SBSE. SSBSE 2016, pp. 96-111.",
sampling_as_a_baseline_optimizer_for_se,SWAY / plain samplers (Chen et al.),"Continuous/discrete SWAY for NRP (Chen, Nair, Menzies IST 2017)",methodology,True,True,refutes,False,high,1.1 / 3.2,This current paper began when it was realized that the methods used in that journal article failed when applied to heavily constrained models and models with binary decisions.,"[13] Jianfeng Chen, Vivek Nair, and Tim Menzies. Beyond evolutionary algorithms for search-based software engineering. Information and Software Tec...",
sampling_as_a_baseline_optimizer_for_se,"Clustering methods (DBSCAN, HDBSCAN, CURE, Fastmap)",FastMap heuristic (Faloutsos & Lin),methodology,False,True,supports,False,high,3.1 / Algorithm 2,"For models with continuous decisions, we use the Fastmap heuristic [22], [55] to quickly split the candidates.","[22] Christos Faloutsos and King-Ip Lin. Fastmap: a fast algorithm for indexing, data-mining and visualization of traditional and multimedia datase...",
sampling_as_a_baseline_optimizer_for_se,"Clustering methods (DBSCAN, HDBSCAN, CURE, Fastmap)",FastMap is a Nystrom algorithm (Platt),theory,False,False,supports,False,high,3.1,Platt [55] shows that FastMap is a Nystrom algorithm that finds approximations to eigenvectors.,"[55] John C. Platt. Fastmap, metricmap, and landmark MDS are all nystrom algorithms. AISTATS 2005, pp. 261-268.",
sampling_as_a_baseline_optimizer_for_se,Jaccard distance triangle inequality (Kosub),Jaccard distance triangle inequality (Kosub),theory,False,False,supports,False,high,3.2,the Jaccard distance is easy to compute and satisfies the triangle inequality [34] - one of the requirements for metric space.,"[34] Sven Kosub. A note on the triangle inequality for the Jaccard distance. arXiv preprint arXiv:1612.02696, 2016.",arXiv:1612.02696
sampling_as_a_baseline_optimizer_for_se,RBF-kernel radius-margin idea (Chung et al.),RBF-kernel radius-margin idea (Chung et al.),sanitycheck,False,False,supports,False,medium,3.2,"inspired by the research in radial basis function kernel [14], we applied a radial coordinate system.","[14] Chung, Kao, Sun, Wang, Lin. Radius margin bounds for support vector machines with the rbf kernel. Neural Computation 15(11):2643-2681, 2003.",
sampling_as_a_baseline_optimizer_for_se,PicoSAT solver,PicoSAT solver,software,False,True,supports,False,high,4.2 / 3.4,"In SATIBEA and the candidate initialization of SPL candidates, an SAT solver is required ... In this paper, we used PicoSAT [1] instead.","[1] Boolector at the SMT competition 2016. Technical report, FMV Reports Series, Johannes Kepler University, Linz, 2016.",
sampling_as_a_baseline_optimizer_for_se,SAT-Race 2015 results (Balyo et al.),SAT-Race 2015 results (Balyo et al.),numericfact,False,False,supports,False,medium,4.2,We used PicoSAT since it recently achieved impressive comparative performance results in an international SAT-Race 2015 competition [4].,"[4] Tomas Balyo, Armin Biere, Markus Iser, Carsten Sinz. Sat race 2015. Artificial Intelligence, 241:45-65, 2016.",
sampling_as_a_baseline_optimizer_for_se,DEAP evolutionary framework (Fortin et al.),DEAP evolutionary framework (Fortin et al.),software,False,True,neutral,False,high,4.2,All of our experiments were implemented using the DEAP [24] MOEA Python framework.,"[24] Fortin, De Rainville, Gardner, Parizeau, Gagne. DEAP: Evolutionary algorithms made easy. JMLR 13:2171-2175, 2012.",
sampling_as_a_baseline_optimizer_for_se,Grid-search tuning (Tantithamthavorn et al.),Grid search for hyper-parameters (Bergstra & Bengio),methodology,False,True,supports,False,high,4.2 / Table 2,"We ran a grid search [6] for the three parameters: population size (MU), cross-over probability (CXPB) and mutation probability (MUTPB).","[6] James Bergstra and Yoshua Bengio. Random search for hyper-parameter optimization. JMLR 13(Feb):281-305, 2012.",
sampling_as_a_baseline_optimizer_for_se,SPL feature models / SWAY (Sayyad; Chen),webportal feature model (SPLOT; Mendonca et al.),dataset,False,True,neutral,True,high,4.1.3 / Table 1,We used five product line models from SPLOT and LAVT repositories. Table 1 shows the basic information of our five cases.,"[40] Mendonca, Bartolomei, Cowan. Decision-making coordination in collaborative product configuration. ACM SAC 2008, pp. 108-113.",http://www.splot-research.org/
sampling_as_a_baseline_optimizer_for_se,SPL feature models / SWAY (Sayyad; Chen),eshop feature model (SPLOT; Lau),dataset,False,True,neutral,True,high,4.1.3 / Table 1,We used five product line models from SPLOT and LAVT repositories. Table 1 shows the basic information of our five cases.,"[38] Sean Quan Lau. Domain analysis of e-commerce systems using feature-based model templates. University of Waterloo, 2006.",http://www.splot-research.org/
sampling_as_a_baseline_optimizer_for_se,SPL feature models / SWAY (Sayyad; Chen),fiasco feature model (LVAT; Berger et al.),dataset,False,True,neutral,True,high,4.1.3 / Table 1,We used five product line models from SPLOT and LAVT repositories. Table 1 shows the basic information of our five cases.,"[5] Berger, She, Lotufo, Wasowski, Czarnecki. Variability modeling in the systems software domain. Univ. of Waterloo GSD Lab Tech Report, 2012.",https://code.google.com/archive/p/linux-variability-analysis-tools/
sampling_as_a_baseline_optimizer_for_se,SPL feature models / SWAY (Sayyad; Chen),freebsd and linux feature models (LVAT; She et al.),dataset,False,True,neutral,True,high,4.1.3 / Table 1,"in one of our software product lines, the linux model, we generated 10,000 random sets of decisions for the features. Within that space, less than four decisions were valid.","[61] She, Lotufo, Berger, Wasowski, Czarnecki. Reverse engineering feature models. ICSE 2011, pp. 461-470.",https://code.google.com/archive/p/linux-variability-analysis-tools/
sampling_as_a_baseline_optimizer_for_se,SPL feature models / SWAY (Sayyad; Chen),Five-objective SPL formulation with stochastic cost/defect/usage (Sayyad et al. ASE'13),methodology,True,True,supports,False,high,4.1.3,"Following the approach of Sayyad [58], defect, cost, and knowledge of usage in prior applications is set stochastically.","[58] A. Sayyad, J. Ingram, T. Menzies, and H. Ammar. Scalable product line configuration: A straw to break the camel's back. ASE'13, 2013.",
sampling_as_a_baseline_optimizer_for_se,SPL feature models / SWAY (Sayyad; Chen),"IBEA best for SPL (Sayyad, Menzies, Ammar ICSE'13)",numericfact,True,False,supports,False,medium,2.2,"Sayyad et. al. [59] compared several MOEAs, including SPEA2, IBEA, NSGA-II [17], etc, and found that IBEA algorithm performed best","[59] Abdel Salam Sayyad, Tim Menzies, Hany Ammar. On the value of user preferences in search-based software engineering: A case study in software p...",
sampling_as_a_baseline_optimizer_for_se,"Quality-indicator selection guide (Wang, Ali, Yue, Li, Liaaen ICSE'16)","Quality-indicator selection guide (Wang, Ali, Yue, Li, Liaaen ICSE'16)",methodology,False,True,supports,False,high,4.3,"we followed the guidance of a recent ICSE'16 [69] paper. That guide advises to record four quality measures: generational distance, generated spread, pareto front size and hypervolume.","[69] Wang, Ali, Yue, Li, Liaaen. A practical guide to select quality indicators for assessing pareto-based search algorithms in SBSE. ICSE 2016, pp...",
sampling_as_a_baseline_optimizer_for_se,Generational Distance (Van Veldhuizen & Lamont),Generational Distance (Van Veldhuizen & Lamont),methodology,False,True,neutral,False,high,4.3 (M3),GD is a measure for convergence. It is the Euclidean distance between solutions in PFc and nearest solutions in PF0 [66].,"[66] David A. Van Veldhuizen and Gary B. Lamont. Evolutionary computation and convergence to a pareto front. Stanford University, pp. 221-228. Morg...",
sampling_as_a_baseline_optimizer_for_se,Hou et al. LLM4SE SLR,Generated Spread (Zhou et al.),methodology,False,True,neutral,False,high,4.3 (M4),GS [75] is a diversity indicator. It is defined to extend the quality indicator Spread which only works for bi-objective problems.,"[75] Zhou, Jin, Zhang, Sendhoff, Tsang. Combining model-based and genetics-based offspring generation for multi-objective optimization using a conv...",
sampling_as_a_baseline_optimizer_for_se,SPEA2 (Zitzler et al.),Hypervolume and Pareto dominance (Zitzler & Thiele),methodology,False,True,neutral,False,high,4.3 (M6) / 3.3 / 4.2 grid search,"HV is the combination of convergence and diversity indicator. As defined in [77], HV measures the size of space the obtained frontier covered.",[77] Eckart Zitzler and Lothar Thiele. Multiobjective evolutionary algorithms: a comparative case study and the strength pareto approach. IEEE TEVC...,
sampling_as_a_baseline_optimizer_for_se,SPEA2 (Zitzler et al.),"Optimal Pareto front infeasible for SE models (Deb, Thiele, Laumanns, Zitzler)",sanitycheck,False,False,supports,False,medium,4.3,"In SE models, it is unfeasible to obtain the optimal Pareto Front [19]. Hence, we collected all solutions found by any algorithm and picked up all non-dominated solutions","[19] Deb, Thiele, Laumanns, Zitzler. Scalable Test Problems for Evolutionary Multi-Objective Optimization. TIK Report 1990, ETH Zurich, 2001.",
sampling_as_a_baseline_optimizer_for_se,RAND sample-size strategy (Ouni et al.),RAND sample-size strategy (Ouni et al.),methodology,False,True,neutral,False,high,5.2,"to select N for this method, we used the strategy of [52]: i.e., set N to the median size of the frontier generated by was used by MOEA.","[52] Ouni, Kula, Kessentini, Ishio, German, Inoue. Search-based software library recommendation using multi-objective optimization. IST 83:55-75, 2...",
sampling_as_a_baseline_optimizer_for_se,"Baseline-method criteria (Whigham, Owen, Macdonell)","Baseline-method criteria (Whigham, Owen, Macdonell)",methodology,False,False,supports,False,high,2.1 / 8,"Whigham et al. [71] propose guidelines for designing a baseline implementation that include: 1) Be simple to describe and implement; ... To their criteria, we would add","[71] Whigham, Owen, Macdonell. A baseline model for software effort estimation. ACM TOSEM 24(3):20:1-20:11, 2015.",
sampling_as_a_baseline_optimizer_for_se,No-Free-Lunch theorem (Wolpert & Macready),No Free Lunch theorems (Wolpert & Macready),theory,False,False,supports,False,high,1 / 8,"According to Wolpert & Macready [72], no single algorithm can ever be best for all optimization problems.","[72] D. H. Wolpert and W. G. Macready. No free lunch theorems for optimization. Trans. Evol. Comp, 1(1):67-82, April 1997.",
sampling_as_a_baseline_optimizer_for_se,Random points distant in high dimensions (Domingos),Random points distant in high dimensions (Domingos),sanitycheck,False,False,supports,False,high,5.2,"As noted by Domingos, random points in large dimensions space are often very distant [20]. Hence, it is not surprising that a random selection does very well (as measured by spread).","[20] Pedro Domingos. A few useful things to know about machine learning. Communications of the ACM, 55(10):78-87, 2012.",
sampling_as_a_baseline_optimizer_for_se,Config-tuning and analytics data (Fu; Jamshidi; Guo; Ha; Weber; Krishna),"22 days CPU for tuning (Fu, Menzies, Shen)",numericfact,True,False,supports,False,high,2.1,recent MOEA studies in software engineering by Fu et al. [26] and Wang et al. [70] required 22 days and 15 years of CPU time respectively.,"[26] Wei Fu, Tim Menzies, and Xipeng Shen. Tuning for software analytics: Is it really necessary? Information and Software Technology, 76:135-146,...",
sampling_as_a_baseline_optimizer_for_se,"15 years CPU for clone-detector configuration (Wang, Harman, Jia, Krinke)","15 years CPU for clone-detector configuration (Wang, Harman, Jia, Krinke)",numericfact,False,False,supports,False,high,2.1,Fu et al. [26] and Wang et al. [70] required 22 days and 15 years of CPU time respectively.,"[70] Tiantian Wang, Mark Harman, Yue Jia, Jens Krinke. Searching for better configurations: A rigorous approach to clone evaluation. FSE 2013.",
sampling_as_a_baseline_optimizer_for_se,"Three months to run NASA air-traffic models (Krall, Menzies, Davies)","Three months to run NASA air-traffic models (Krall, Menzies, Davies)",numericfact,True,False,supports,False,high,2.3,"they concluded that those models would take three months to execute, even utilizing NASA's supercomputers [36].","[36] J. Krall, T. Menzies, M. Davies. Learning mitigations for pilot issues when landing aircraft. IEEE Trans. Human-Machine Systems, 46(2):221-230...",
sampling_as_a_baseline_optimizer_for_se,Hours-to-days per design synthesis (Zuluaga et al.),Hours-to-days per design synthesis (Zuluaga et al.),numericfact,False,False,supports,False,medium,2.3,Zuluaga et al. comment on the cost of evaluating all decisions for their models of software/hardware co-design: 'synthesis of only one design can take hours or even days.' [78],"[78] Zuluaga, Krause, Sergent, Puschel. Active learning for multi-objective optimization. ICML 2013.",
sampling_as_a_baseline_optimizer_for_se,"Weeks of execution for test-suite generation (Yoo, Harman, Ur)","Weeks of execution for test-suite generation (Yoo, Harman, Ur)",numericfact,False,False,supports,False,medium,2.3,if every candidate solution requires a time-consuming execution of the entire system: such test suite generation can take weeks of execution time [73].,"[73] Shin Yoo, Mark Harman, Shmuel Ur. Gpgpu test suite minimisation: search based software engineering performance improvement using graphics card...",
sampling_as_a_baseline_optimizer_for_se,SVM,Tuned SVM beats deep learning (Fu & Menzies),numericfact,True,False,supports,False,medium,4.2,"Fu et al. [25] found that naive learner, e.g., SVM, with parameter tuning can even outperform complex deep learning techniques.","[25] Wei Fu and Tim Menzies. Easy over hard: A case study on deep learning. arXiv preprint arXiv:1703.00133, 2017.",arXiv:1703.00133
sampling_as_a_baseline_optimizer_for_se,"SBSE publication counts figure (Zhang, Harman, Mansouri SBSE repository)","SBSE publication counts figure (Zhang, Harman, Mansouri SBSE repository)",numericfact,False,False,supports,False,medium,2.2 / Fig. 1,Fig. 1. SBSE publications. From [74],"[74] Yuanyuan Zhang, Mark Harman, A Mansouri. The sbse repository. CREST Centre, UCL, crestweb.cs.ucl.ac.uk/resources/sbse_repository, 2016.",crestweb.cs.ucl.ac.uk/resources/sbse_repository
sampling_as_a_baseline_optimizer_for_se,Measurements as ratios to a minimal baseline (Shepperd & MacDonell),Measurements as ratios to a minimal baseline (Shepperd & MacDonell),sanitycheck,False,False,supports,False,medium,2.1 / 8,Shepperd and Macdonnel [62] argue convincingly that measurements are best viewed as ratios compared to measurements taken from some minimal baseline system.,"[62] Martin J. Shepperd and Steven G. MacDonell. Evaluating prediction systems in software project estimation. IST 54(8):820-827, 2012.",
sampling_as_a_baseline_optimizer_for_se,OneR as a scout baseline (Holte),OneR as a scout baseline (Holte),sanitycheck,False,False,supports,False,medium,2.1,Hotle [32] uses the OneR baseline algorithm as a scout that runs ahead of a more complicated learner as a way to judge the complexity of up-coming tasks.,"[32] R C Holte. Very Simple Classification Rules Perform Well on Most Commonly Used Datasets. Machine Learning, 11:63, 1993.",
sampling_as_a_baseline_optimizer_for_se,Adaptive sampling for noisy problems (Cantu-Paz),Adaptive sampling for noisy problems (Cantu-Paz),sanitycheck,False,False,refutes,False,medium,7,"While Cantu-Paz demonstrated that the adaptive sampling could find better solutions, from our perspective, the drawback with that work is that it requires far more computation time.","[11] Erick Cantu-Paz. Adaptive sampling for noisy problems. GECCO 2004, pages 947-958. Springer.",
sampling_as_a_baseline_optimizer_for_se,"Age-layered evolutionary algorithms (Shahrzad, Hodjat, Miikkulainen)","Age-layered evolutionary algorithms (Shahrzad, Hodjat, Miikkulainen)",sanitycheck,False,False,refutes,False,medium,7,"this approach still requires millions of model evaluations, Hence, it would not be a candidate for a baseline SBSE method.","[60] Shahrzad, Hodjat, Miikkulainen. Estimating the advantage of age-layering in evolutionary algorithms. GECCO 2016, pp. 693-699.",
sampling_as_a_baseline_optimizer_for_se,"(1+1) EA (Droste, Jansen, Wegener)","(1+1) EA (Droste, Jansen, Wegener)",sanitycheck,False,False,refutes,False,medium,7,"the drawback for standard (1+1) EA is that it did not naturally handle models with multi-objectives, or conflicting objectives, which are very common in SBSE.","[21] Stefan Droste, Thomas Jansen, Ingo Wegener. On the analysis of the (1+1) evolutionary algorithm. Theoretical Computer Science, 276(1-2):51-81,...",
sampling_as_a_baseline_optimizer_for_se,"Surrogate-assisted evolutionary optimization (Ong, Nair, Keane)","Surrogate-assisted evolutionary optimization (Ong, Nair, Keane)",sanitycheck,False,False,refutes,False,medium,7,But the precise of surrogate model strongly depends on the evaluated candidates. To improve the precision of surrogate model ... we have to enlarge the number of model evaluations,"[51] Yew S Ong, Prasanth B Nair, Andrew J Keane. Evolutionary optimization of computationally expensive problems via surrogate modeling. AIAA journ...",
identifying_self_admitted_technical_debt,SATD data (Maldonado & Shihab),Maldonado & Shihab SATD dataset (10 Java projects),dataset,False,True,supports,False,high,4 Datasets,the performance of Jitterbug is tested through simulations on a publicly available SATD dataset originally collected by Maldonado and Shihab [5]. This dataset contains ten open-source java projects,"[5] E. d. S. Maldonado and E. Shihab, ""Detecting and quantifying different types of self-admitted technical debt,"" in MTD, 2015.",
identifying_self_admitted_technical_debt,SATD data (Maldonado & Shihab),Maldonado & Shihab SATD ground-truth labels (corrected by this paper),dataset,False,True,refutes,False,high,5.1 RQ1 / Fig. 2 / Table 5,most of the false positives (98%) were wrongly labeled in the original dataset. That means these strong patterns identified by Jitterbug are even more accurate than human experts,"[5] E. d. S. Maldonado and E. Shihab, ""Detecting and quantifying different types of self-admitted technical debt,"" in MTD, 2015.",
identifying_self_admitted_technical_debt,Config-tuning and analytics data (Fu; Jamshidi; Guo; Ha; Weber; Krishna),MAT keyword baseline (Guo et al.),steppingstone,False,True,neutral,False,high,"5.1 RQ1, Table 4; 5.3.1 Table 8 (MAT+RF)","MAT: a baseline approach from Guo et al. [6] where a set of human-derived patterns— ""todo, fixme, hack, xxx"" is applied to find the ""easy to find"" SATDs.","[6] Z. Guo, S. Liu, J. Liu, Y. Li, L. Chen, H. Lu, Y. Zhou, and B. Xu, ""Mat: A simple yet strong baseline for identifying self-admitted technical d...",
identifying_self_admitted_technical_debt,TM text-mining ensemble (Huang et al.),TM text-mining ensemble (Huang et al.),steppingstone,False,True,neutral,False,high,"5.2.1 RQ2.1; Tables 6, 8",TM: ensemble model from Huang et al. [32] where a Multinomial Naive Bayes model is trained on selected features with information gain ... we apply it as a baseline algorithm.,"[32] Q. Huang, E. Shihab, X. Xia, D. Lo, and S. Li, ""Identifying self-admitted technical debt in open source projects using text mining,"" EMSE, 2018.",
identifying_self_admitted_technical_debt,Huang et al. reported 73% F1,Huang et al. reported 73% F1,numericfact,False,False,supports,False,medium,2.2.2 Machine Learning Approaches,"By implementing a boosting technique using all those sub-classifiers, they have found an average of 73% F1 scores for all datasets [32].","[32] Q. Huang, E. Shihab, X. Xia, D. Lo, and S. Li, ""Identifying self-admitted technical debt in open source projects using text mining,"" EMSE, 2018.",
identifying_self_admitted_technical_debt,CNN baseline (Xu et al.),CNN SATD detector (Ren et al.),steppingstone,False,False,neutral,False,high,"5.3.2 RQ3.2, Table 9","Due to the difficulty of reproducing a deep learning solution, we used the same precision, recall, F1 scores reported in Ren et al. [3]","[3] X. Ren, Z. Xing, X. Xia, D. Lo, X. Wang, and J. Grundy, ""Neural network-based detection of self-admitted technical debt: From performance to ex...",
identifying_self_admitted_technical_debt,CNN baseline (Xu et al.),"Ren et al. reported 78% F1 and 3,548 s CNN training time",numericfact,False,False,supports,False,high,1 Introduction; 5.3.3 RQ3.3,"is much lower than training a deep learning model (3,548 seconds for training a CNN model in Ren et al. [3]).","[3] X. Ren, Z. Xing, X. Xia, D. Lo, X. Wang, and J. Grundy, ""Neural network-based detection of self-admitted technical debt: From performance to ex...",
identifying_self_admitted_technical_debt,AUC as evaluation measure,Zampetti et al. reported 74% AUC / 55% precision / 57% recall,numericfact,False,False,supports,False,medium,1 Introduction; 2.2.2,Even the state-of-the-art machine learning approaches can only reach around 78% F1 score [3] and 74% AUC [4] ... the process cannot be fully automated,"[4] F. Zampetti, A. Serebrenik, and M. Di Penta, ""Automatically learning patterns for self-admitted technical debt removal,"" in SANER, 2019.",
identifying_self_admitted_technical_debt,SATD data (Maldonado & Shihab),Maldonado et al. reported 63% F1 with 23% training data,numericfact,False,False,supports,False,medium,2.2.2 Machine Learning Approaches,Maldonado et al. [30] successfully identified two types of SATD in 10 open-source projects (average 63% F1 Score) using Natural Language Processing,"[30] E. d. S. Maldonado, E. Shihab, and N. Tsantalis, ""Using natural language processing to automatically detect self-admitted technical debt,"" TSE,",
identifying_self_admitted_technical_debt,FASTREAD / FAST2 active learning (Yu & Menzies),FAST2 recall estimator (Yu & Menzies),methodology,True,True,supports,False,high,3.2 Hard; 5.2.3 RQ2.3,"This estimator, also described in Algorithm 3, is adopted from our previous work [47] where it was shown to outperform any other state-of-the-art estimators.","[47] Z. Yu and T. Menzies, ""Fast2: An intelligent assistant for finding relevant papers,"" ESA, 2019.",
identifying_self_admitted_technical_debt,APFD metric (Rothermel et al.),APFD metric (Rothermel et al.),methodology,False,True,supports,False,high,5.2.2 RQ2.2,"APFD: first proposed in test case prioritization [51], APFD calculates the area under the recall-cost curve.","[51] G. Rothermel, R. H. Untch, C. Chu, and M. J. Harrold, ""Prioritizing test cases for regression testing,"" TSE, 2001.",
identifying_self_admitted_technical_debt,Cohen / Sawilowsky small-effect rule,Cohen's d small effect size threshold (0.2 x SD),statmethod,False,True,supports,False,low,"5.2.2 RQ2.2, Table 6; 5.3.1 Table 8","we applied Cohen'd effect size test to determine which results are similar. To that end, we calculated: Small_step2 = 0.2 · StdDev(All APFD results) = 0.02.","(no reference entry; ""Cohen'd effect size test"" applied uncited)",
identifying_self_admitted_technical_debt,scikit-learn,scikit-learn,software,False,True,supports,False,high,5.2.1 RQ2.1,Implemented with scikit-learn package LogisticRegression in Python with balanced class weight ... DecisionTreeClassifier ... RandomForestClassifier ... SGDClassifier ... MultinomialNB,footnote 2: https://scikit-learn.org/,https://scikit-learn.org/
identifying_self_admitted_technical_debt,srcML comment extractor,srcML comment extractor,software,False,True,supports,False,high,6 Apply Jitterbug to A New Project,"Data collection: we applied srcML and extracted 17,208 code comments from the Apache httpd-2.4.6 project, similar to what Potdar and Shiha [22] did.",footnote 5: https://www.srcml.org/,https://www.srcml.org/
identifying_self_admitted_technical_debt,SATD data (Maldonado & Shihab),Apache httpd-2.4.6 source (project choice following Potdar & Shihab),dataset,False,True,supports,False,medium,6 Apply Jitterbug to A New Project,"we applied Jitterbug to identify SATDs from a new, unlabeled project Apache httpd-2.4.6","footnote 4: https://archive.apache.org/dist/httpd/httpd-2.4.6.tar.gz; [22] A. Potdar and E. Shihab, ICSME 2014.",https://archive.apache.org/dist/httpd/httpd-2.4.6.tar.gz
identifying_self_admitted_technical_debt,SATD data (Maldonado & Shihab),Potdar & Shihab keyword method result on Apache httpd (112 SATDs),steppingstone,False,False,neutral,False,high,6 Apply Jitterbug to A New Project,Potdar and Shiha [22] applied their keyword-based method to identify SATDs on Apache httpd-2.4.6. They found 112 SATDs in total. The Jitterbug result is better,"[22] A. Potdar and E. Shihab, ""An exploratory study on self-admitted technical debt,"" in ICSME, 2014.",
identifying_self_admitted_technical_debt,Random forests (Breiman),Random forest (Ho) as Hard's internal learner,methodology,False,True,supports,False,medium,3.2 Hard; 5.2.2 RQ2.2,"Given that the #Best of random forest is higher, we choose random forest as the internal model of Hard for the rest of the experiments.","[44] T. K. Ho, ""Random decision forests,"" in ICDAR, 1995.",
identifying_self_admitted_technical_debt,Logistic regression,Logistic regression (Wright),methodology,False,True,supports,False,low,3.2 Hard; 5.2.1,LR: logistic regression model described in §3.2. Implemented with scikit-learn package LogisticRegression,"[42] R. E. Wright, ""Logistic regression."" 1995.",
identifying_self_admitted_technical_debt,CART / decision trees,Decision tree learning (Rokach & Maimon),methodology,False,True,supports,False,low,3.2 Hard; 5.2.1,DT: decision tree model described in §3.2. Implemented with scikit-learn package DecisionTreeClassifier,"[43] L. Rokach and O. Z. Maimon, Data mining with decision trees: theory and applications. World scientific, 2008.",
identifying_self_admitted_technical_debt,Naive Bayes,Multinomial Naive Bayes (Rish),methodology,False,True,supports,False,low,3.2 Hard; 5.2.1,NB: Multinomial Naive Bayes model described in §3.2. Implemented with scikit-learn package MultinomialNB in Python.,"[45] I. Rish, ""An empirical study of the naive bayes classifier,"" in IJCAI 2001 workshop on empirical methods in artificial intelligence, 2001.",
identifying_self_admitted_technical_debt,SVM,Soft-margin linear SVM (Suykens & Vandewalle),methodology,False,True,supports,False,low,3.2 Hard; 5.2.1,SVM: linear soft-margin support vector machine model described in §3.2. Implemented with scikit-learn package SGDClassifier,"[46] J. A. Suykens and J. Vandewalle, ""Least squares support vector machine classifiers,"" Neural processing letters, 1999.",
identifying_self_admitted_technical_debt,jDeodorant comment extractor (used by dataset creators),jDeodorant comment extractor (used by dataset creators),software,False,False,supports,True,medium,4.1 Independent Variables,"When Maldonado and Shihab [5] created this dataset, jDeodrant [48] was applied, which is an Eclipse plugin for extracting comments from the source code of java files.","[48] M. Fokaefs, N. Tsantalis, E. Stroulia, and A. Chatzigeorgiou, ""Jdeodorant: identification and application of extract class refactorings,"" in I...",
identifying_self_admitted_technical_debt,Alves et al. TD type ontology (labels collapsed to binary),Alves et al. TD type ontology (labels collapsed to binary),methodology,False,False,neutral,True,low,4 Datasets; 4.2 Dependent Variables,two humans then manually classified each comment according to the six different types of TD mentioned by Alves et al. [49] ... we have changed the final label into a binary problem,"[49] N. S. Alves, L. F. Ribeiro, V. Caires, T. S. Mendes, and R. O. Spínola, ""Towards an ontology of terms on technical debt,"" in TechDebt, 2014.",
identifying_self_admitted_technical_debt,Cohen's kappa +0.81 agreement on dataset labels,Cohen's kappa +0.81 agreement on dataset labels,numericfact,False,False,supports,True,medium,4.2 Dependent Variables,"reported a high level of agreement, using Cohen's Kapp [50] coefficient of +0.81 ... indicates that the dataset is unbiased and reliable.","[50] J. Cohen, ""Weighted kappa: Nominal scale agreement provision for scaled disagreement or partial credit."" Psychological Bulletin, 1968.",
identifying_self_admitted_technical_debt,"Bavota & Russo: SATDs survive over 1,000 commits","Bavota & Russo: SATDs survive over 1,000 commits",numericfact,False,False,supports,False,medium,1 Introduction,"even when fixed, it survives long time (over 1,000 commits on average) in the system [1]","[1] G. Bavota and B. Russo, ""A large-scale empirical study on self-admitted technical debt,"" in MSR, 2016.",
identifying_self_admitted_technical_debt,Wehaibi et al.: TD only 3% of code yet causes future defects,Wehaibi et al.: TD only 3% of code yet causes future defects,numericfact,False,False,supports,False,medium,1 Introduction; 2.1,"the number of technical debts in a project may be very low (only 3% on average), yet they create a significant amount of defects in the future","[2] S. Wehaibi, E. Shihab, and L. Guerrouj, ""Examining the impact of self-admitted technical debt on software quality,"" in SANER, 2016.",
identifying_self_admitted_technical_debt,"Nugroho et al. (SIG): $857,500 TD, 15% ROI","Nugroho et al. (SIG): $857,500 TD, 15% ROI",numericfact,False,False,supports,False,low,2.1 About Technical Debt,"a regular mid-level project owes $857,500 in TD and resolving TD has a Return On Investment (ROI) of 15% in seven years.","[9] A. Nugroho, J. Visser, and T. Kuipers, ""An empirical model of technical debt and interest,"" in MTD, 2011.",
identifying_self_admitted_technical_debt,Config-tuning and analytics data (Fu; Jamshidi; Guo; Ha; Weber; Krishna),Guo et al.: cost of deferred TD is twice immediate,numericfact,False,False,supports,False,low,2.1 About Technical Debt,concluded that the cost of resolving TD in the future is twice as much as resolving immediately.,"[8] Y. Guo, C. Seaman, R. Gomes, A. Cavalcanti, G. Tonin, F. Q. Da Silva, A. L. Santos, and C. Siebra, ""Tracking technical debt—an exploratory case...",
identifying_self_admitted_technical_debt,SATD data (Maldonado & Shihab),"Maldonado et al.: 75% of SATDs removed, median lifetime 18-173 days",numericfact,False,False,supports,False,low,2.2.1 Pattern-Based Approaches,"75% of SATDs get removed, but the median lifetime of SATDs ranges from 18 to 173 days [26].","[26] E. d. S. Maldonado, R. Abdalkareem, E. Shihab, and A. Serebrenik, ""An empirical study on the removal of self-admitted technical debt,"" in ICSM...",
identifying_self_admitted_technical_debt,Threats-to-validity framework (Feldt & Magazinius),Validity-threat categories (Feldt & Magazinius),methodology,False,False,supports,False,medium,7 Threats to Validity,There are several validity threats [52] to the design of this study. ... Conclusion validity ... Internal validity ... Construct validity ... External validity,"[52] R. Feldt and A. Magazinius, ""Validity threats in empirical software engineering research-an initial survey."" in SEKE, 2010.",
better_data_labelling_with_emblem_and_ho,Yu et al. SLR corpora / FASTREAD,"EMBLEM / FASTREAD active learner (Yu, Kraft & Menzies)",software,True,True,supports,False,high,3.2 Core Problem / 3.3 Framework,"we adopted an active learning framework developed for reading research papers in SE literatures [112], [114], [115], [116], called EMBLEM","[114] Z. Yu, N. A. Kraft, and T Menzies. Finding better active learners for faster literature reviews. EMSE, 2018.",
better_data_labelling_with_emblem_and_ho,"EMBLEM parameter settings {N1=4000,N2=1,N3=30,N4=95%} (Yu et al.)","EMBLEM parameter settings {N1=4000,N2=1,N3=30,N4=95%} (Yu et al.)",methodology,True,True,supports,False,high,3.3 Framework / 8 Future Work,"Those decisions where made by Yu et al. [114] after exploring 32 different kinds of active learners ... obtained using Yu et al.'s original decisions [114], [116] without extensive tuning.","[114] Z. Yu, N. A. Kraft, and T Menzies. Finding better active learners for faster literature reviews. EMSE, 2018.",
better_data_labelling_with_emblem_and_ho,FASTREAD / FAST2 active learning (Yu & Menzies),FAST2 (Yu & Menzies),software,True,True,supports,False,high,3.3 Framework,"All those aforementioned tactics are built into EMBLEM [114], [116], the active learner used for this work.","[116] Z. Yu and T. Menzies. Fast2: An intelligent assistant for finding relevant papers. Expert Systems with Applications, 2019.",
better_data_labelling_with_emblem_and_ho,Wallace's aggressive undersampling,Wallace's aggressive undersampling,methodology,False,True,supports,False,high,3.3 Framework,"EMBLEM trains further using certainty sampling and Wallace's ""aggressive undersampling"" [103] that culls majority class examples closest to the decision boundary.","[103] B. C Wallace, T. A Trikalinos, J. Lau, C. Brodley, C. H Schmid. Semi-automated screening of biomedical citations for systematic reviews. 2010",
better_data_labelling_with_emblem_and_ho,Cormack & Grossman TAR methods,Cormack & Grossman continuous active learning (TAR state of the art),numericfact,False,False,supports,True,medium,3.3 Framework,"They report that, using the above requirements, EMBLEM found more relevant items faster than the previously reported state-of-the-art in incremental text mining retrieval [22], [102].","[22] G. V Cormack and M. R Grossman. Autonomy and reliability of continuous active learning for technology-assisted review. CoRR, 2015.",
better_data_labelling_with_emblem_and_ho,Wallace et al. active learning for citation screening,Wallace et al. active learning for citation screening,numericfact,False,False,supports,True,medium,3.3 Framework,"EMBLEM found more relevant items faster than the previously reported state-of-the-art in incremental text mining retrieval [22], [102].","[102] B. C. Wallace, K. Small, C. E. Brodley, and T. A. Trikalinos. Active learning for biomedical citation screening. In 16th SIGKDD, 2010.",
better_data_labelling_with_emblem_and_ho,Ros et al. remaining-relevant estimator,Ros et al. remaining-relevant estimator,numericfact,False,False,supports,True,low,3.3 Framework,"the N4 estimator converged much faster and obtained better estimates that other prominent estimators from the text mining literature [23], [85], [100].","[85] R. Ros, E. Bjarnason, P. Runeson. A machine learning approach for semi-automated search and selection in literature studies. EASE 2017",
better_data_labelling_with_emblem_and_ho,EMBLEM applied to vulnerability inspection (Yu et al.),EMBLEM applied to vulnerability inspection (Yu et al.),sanitycheck,True,False,supports,False,medium,3.2 Core Problem,"It has been proofed to be effective not only in reading research papers, but also in inspecting software security vulnerabilities [117], finding self-admitted technical debt [30], and test case prioritization [113].","[117] Z. Yu, C. Theisen, L. Williams, and T. Menzies. Improving vulnerability inspection efficiency using active learning. TSE, 2019.",
better_data_labelling_with_emblem_and_ho,JIT defect prediction (Kamei; Commit.Guru),"Commit.Guru (Rosen, Grawi & Shihab) - data collection + SZZ implementation",software,False,True,supports,False,high,4.1 Data,"For this analysis, we used Commit.Guru tool [86]. This tool was used since Commit.Guru supports web-scale data collection from on-line Github projects.","[86] C. Rosen, B. Grawi, and E. Shihab. Commit guru: Analytics and risk prediction of software commits. ESEC/FSE 2015, 2015.",
better_data_labelling_with_emblem_and_ho,JIT defect prediction (Kamei; Commit.Guru),Commit.Guru keyword labelling (baseline),steppingstone,False,True,refutes,False,high,"5 Results RQ1 / RQ2 (Tables 8, 10)",Comparing EMBLEM vs Keywords (from Commit.Guru) for bug-fixing commits identification performance ... Keywords labelling result in lower recall and higher false alarms,"[86] C. Rosen, B. Grawi, and E. Shihab. Commit guru: Analytics and risk prediction of software commits. ESEC/FSE 2015, 2015.",
better_data_labelling_with_emblem_and_ho,Software-engineering folklore and fuzzing observations,"Keyword taxonomy for commit labelling (Hindle, German & Holt)",methodology,False,True,refutes,False,medium,1 Introduction (Table 1),"This paper argues against using keywords like these as a method for labelling a commit as ""buggy"". Keywords from [41].","[41] A. Hindle, D. M. German, and R. Holt. What do large commits tell us?: A taxonomical study of large commits. MSR, 2008.",
better_data_labelling_with_emblem_and_ho,"SZZ algorithm (Sliwerski, Zimmermann & Zeller)","SZZ algorithm (Sliwerski, Zimmermann & Zeller)",methodology,False,True,supports,True,high,4.1 Data,"we used Sliwerski, Zimmermann, and Zeller's SZZ's algorithm [26], [52], [91] to work back in time ... (and the SZZ implementation we used here came from Commit.Guru).","[91] Jacek Sliwerski, Thomas Zimmermann, and Andreas Zeller. When do changes induce fixes? SIGSOFT Softw. Eng. Notes, 2005.",
better_data_labelling_with_emblem_and_ho,SZZ usage count (Rodriguez-Perez et al.),SZZ usage count (Rodriguez-Perez et al.),numericfact,False,False,supports,False,medium,4.1 Data,Rodrguez-Perez et al. [84] report that at least 187 papers have also used SZZ in the same way as these experiments of this paper.,"[84] G. Rodriguez, G. Robles, J. Gonzalez-Barahona. Reproducibility and credibility in empirical SE: ... the szz algorithm. IST 2018",
better_data_labelling_with_emblem_and_ho,JIT defect prediction (Kamei; Commit.Guru),Kamei et al. 14 change-level JIT features + release-based train/test protocol,methodology,False,True,supports,False,high,4.1 Data (Table 6) / 4.6 Ground Truth,"14 independent commit-level features, collected by Commit.Guru. [48]. ... This method is applied and endorsed through previous studies that solely using automating keyword [17], [48], [75], [86].","[48] Y. Kamei, E. Shihab, B. Adams, A. E. Hassan, A. Mockus, A. Sinha, N. Ubayashi. A large-scale empirical study of just-in-time quality assurance. T",
better_data_labelling_with_emblem_and_ho,JIT defect prediction (Kamei; Commit.Guru),Eclipse JDT and Eclipse Platform JIT defect data (Kamei et al.),dataset,False,True,neutral,False,medium,7.5 External Validity (Table 13),"we applied EMBLEM to a sample of standard large-scale SE projects, Eclipse JDT (E.JDT) and Eclipse Platform (E.PLATFORM). We used this data since it has previously been used in several prior papers [48], [109].","[48] Y. Kamei, E. Shihab, B. Adams, A. E. Hassan, A. Mockus, A. Sinha, N. Ubayashi. A large-scale empirical study of just-in-time quality assurance. T",
better_data_labelling_with_emblem_and_ho,Scott-Knott ranking,Scott-Knott ranking (Mittas & Angelis),statmethod,False,True,supports,False,high,4.3 Statistical Methods,This study ranks treatments using the Scott-Knott procedure recommended by Mittas & Angelis in their 2013 IEEE TSE paper [67].,"[67] N. Mittas and L. Angelis. Ranking and clustering software cost estimation models through a multiple comparisons algorithm. TSE, 2013.",
better_data_labelling_with_emblem_and_ho,Bootstrap significance test (Efron),Non-parametric bootstrap (Efron & Tibshirani),statmethod,False,True,supports,False,high,4.3 Statistical Methods,"our hypothesis test H was a conjunction of the A12 effect size test of and non-parametric bootstrap sampling ... see Efron & Tibshirani [28, p220-223].","[28] B. Efron and R. J Tibshirani. An introduction to the bootstrap. Mono. Stat. Appl. Probab. London, 1994.",
better_data_labelling_with_emblem_and_ho,A12 effect size (Vargha & Delaney; Arcuri & Briand),Vargha-Delaney A12 effect size (as endorsed by Arcuri & Briand),statmethod,False,True,supports,False,high,4.3 Statistical Methods,"Vargha and Delaney's non-parametric A12 effect size test was endorsed by Arcuri and Briand [7]. ... not a ""small"" effect (A12 >= 0.6).","[7] A. Arcuri and L. Briand. A practical guide for using statistical tests to assess randomized algorithms in software engineering. In ICSE, 2011.",
better_data_labelling_with_emblem_and_ho,Effect-size guidance (Kampenes et al.),Effect-size rule (Kampenes et al.),statmethod,False,False,supports,False,medium,4.3 Statistical Methods,"For a justification of the use of effect size tests see Kampenes [49] who warn that even if a hypothesis test declares two populations to be ""significantly"" different, then that result is misleading","[49] V. B. Kampenes, T. Dyba, J. E. Hannay, and D. I. K. Sjoberg. A systematic review of effect size in software engineering experiments. IST, 2007.",
better_data_labelling_with_emblem_and_ho,Ghotra et al. learner ranking (32 defect predictors),Ghotra et al. learner ranking (32 defect predictors),methodology,False,False,supports,False,high,4.4 Learners Used,"we use the Ghotra et al. ICSE paper that grouped 32 defect predictors into different ranks (see Table 9 of [36]). For this study, we used Random Forests+J48 and Logistic Regression","[36] B. Ghotra, S. McIntosh, A. E. Hassan. Revisiting the impact of classification techniques on the performance of defect prediction models. ICSE 201",
better_data_labelling_with_emblem_and_ho,FFTs for defect prediction (Chen et al.),FFTs for defect prediction (Chen et al.),steppingstone,True,True,supports,False,high,4.4.5 FFTs / 5 RQ2 (Table 9),"we use one method reported very recently at FSE'19 (FFTs, describe below) ... Chen et al. [18] reported that this method performs dramatically better than many prior results seen at recent ICSE conferences","[18] D. Chen, W. Fu, R. Krishna, and T. Menzies. Applications of psychological science for actionable analytics. In FSE, 2018.",
better_data_labelling_with_emblem_and_ho,Fast-and-frugal trees (Chen et al.; Phillips),Fast and Frugal Trees (Martignon et al.),methodology,False,True,supports,False,medium,4.4.5 FFTs,One FFT (in a FFTs model) is a decision tree made as a binary tree where all internal nodes have one leaf node with a guard condition leading to a classification decision [61].,"[61] L. Martignon, K. V Katsikopoulos, J. K Woike. Categorization with limited resources: A family of simple heuristics. J. Math. Psych. 2008",
better_data_labelling_with_emblem_and_ho,Random forests (Breiman),Random Forests (Breiman),steppingstone,False,True,neutral,False,high,4.4.2 / 5 RQ2 (Table 9),"our Random Forests builds many trees, each time using different subsets of the data rows R and columns C ... the conclusions are determined (say) a majority vote across all the trees [15].","[15] L. Breiman. Random forests. Machine Learning, 2001.",
better_data_labelling_with_emblem_and_ho,Logistic regression,"Logistic Regression (Witten, Frank & Hall)",steppingstone,False,True,neutral,False,medium,4.4.1 / 5 RQ2 (Table 9),Logistic Regresion maps t into the range 0..1 using u = 1/(1 + e^-t) [105].,"[105] I. H. Witten, E. Frank, and M. A. Hall. Data Mining: Practical Machine Learning Tools and Techniques. Morgan Kaufmann, 3rd edition, 2011.",
better_data_labelling_with_emblem_and_ho,SVM,SMO SVM (Zeng et al.),steppingstone,False,True,neutral,False,medium,4.4.3 / 5 RQ2 (Table 9),"following the results of Ghotra et al. [36], the Sequential Minimal Optimization (SMO) SVM technique is used. SMO analytically solves the large Quadratic Programming (QP) optimization problem [118].","[118] Z. Q. Zeng, H. B. Yu, H. R. Xu, Y. Q. Xie, J. Gao. Fast training support vector machines using parallel sequential minimal optimization. ISKE 20",
better_data_labelling_with_emblem_and_ho,SMOTE (Chawla et al.),Tuned SMOTE (Agrawal & Menzies),sanitycheck,True,False,refutes,False,medium,4.4.4 SMOTE,"SMOTE can be improved by some local tuning [3], [12]. We do not use such local tuning since recently is has been shown that such tunings are outperformed by FFTs",[3] A. Agrawal and T. Menzies. Is better data better than better data miners?: on the benefits of tuning smote for defect prediction. IST 2018,
better_data_labelling_with_emblem_and_ho,G-score for imbalanced data (Zhang & Zhang; Shatnawi),G-score for imbalanced data (Zhang & Zhang; Shatnawi),methodology,False,True,supports,False,high,4.2 Evaluation Criteria,"The G-score is the harmonic mean between recall and the compliment of the false alarm rate ... recommended for data sets like ours where some of the test samples have imbalanced class distributions [89], [119].","[119] H. Zhang and X. Zhang. Comments on ""data mining static code attributes to learn defect predictors"". TSE, 2007.",
better_data_labelling_with_emblem_and_ho,Deprecating precision/accuracy for rare-class data (Menzies et al.),Deprecating precision/accuracy for rare-class data (Menzies et al.),methodology,True,False,supports,False,medium,4.2 Evaluation Criteria,we deprecate the use of precision and accuracy since these can be misleading for data sets where the target class is somewhat rare [63],"[63] T. Menzies, A. Dekhtyar, J. Distefano, J. Greenwald. Problems with precision: A response to ""comments on 'data mining static code attributes'"". T",
better_data_labelling_with_emblem_and_ho,Fault concentration (Ostrand; Hamill),"Popt20 / 20-80 rule (Ostrand, Weyuker & Bell)",methodology,False,True,supports,False,high,4.2 Evaluation Criteria,"We also evaluate our results using the 20/80 rule from Ostrand et al. [77]. They say a ""good"" defect predictor selects the 20% of files containing 80% of the defects","[77] T. J Ostrand, E. J Weyuker, and R. M Bell. Where the bugs are. In ACM SIGSOFT Software Engineering Notes, 2004.",
better_data_labelling_with_emblem_and_ho,GitHub data and mining pitfalls (Kalliamvakou et al.),GitHub project sanity checks (Kalliamvakou et al.),methodology,False,True,supports,False,high,4.1 Data (Table 5a/5b),"following the advice of Kalliamvakou et al. [45], we used the sanity checks of Table 5b to prune these to 59 projects.","[45] E. Kalliamvakou, G. Gousios, K. Blincoe, L. Singer, D. German, and D. Damian. The promises and perils of mining github. In MSR, 2014.",
better_data_labelling_with_emblem_and_ho,"Nine-stage ML workflow (Amershi et al., Microsoft)","Nine-stage ML workflow (Amershi et al., Microsoft)",methodology,False,False,supports,False,medium,2.2 The role of labelling,"As shown in Figure 1, there are at least nine separate stages that must be completed before that goal be reached [5]. ... They are mapped to our problem as:","[5] S. Amershi, A. Begel, C. Bird, R. DeLine, H. Gall, E. Kamar, N. Nagappan, B. Nushi, T. Zimmermann. Software engineering for machine learning. ICSE",
better_data_labelling_with_emblem_and_ho,SATD data (Maldonado & Shihab),"SATD labelling time: 33,093 comments in ~95 hours (Maldonado & Shihab)",numericfact,False,False,supports,False,high,2.1 Data Sharing,"classifying 33,093 comments as ""SATD"" from five open source projects took approximately 95 hours by a single person; i.e. 10.3 seconds per comment. Using that information, we calculated","[60] E. da S Maldonado and E. Shihab. Detecting and quantifying different types of self-admitted technical debt. In 2015 MTD, 2015.",
better_data_labelling_with_emblem_and_ho,Linkster labelling rate ~500 commits/day (Bird et al.),Linkster labelling rate ~500 commits/day (Bird et al.),numericfact,False,False,refutes,False,high,2.2 The role of labelling,Linkster helps researchers manually label around 500 commits within a working day ... a large scale Linkster-style analysis would be too costly in real-world scenarios.,"[9] A. Bachmann, C. Bird, F. Rahman, P. Devanbu, and A. Bernstein. The missing links: Bugs and bug-fix commits. In FSE, 2010.",
better_data_labelling_with_emblem_and_ho,ReLink defect data (Wu et al.),ReLink (Wu et al.),sanitycheck,False,False,refutes,False,medium,2.2 The role of labelling,Their methods are not valid and applicable unless the labelling is correct in the first place (which needs EMBLEM).,"[106] R. Wu, H. Zhang, S. Kim, and S. Cheung. Relink: Recovering links between bugs and changes. ESEC/FSE, 2011.",
better_data_labelling_with_emblem_and_ho,SVM,"Linux bug-fixing patch identification via PU-learning + SVM (Tian, Lawall & Lo)",sanitycheck,False,False,refutes,False,medium,2.2 The role of labelling / 7.4,"As to Relink and the methods of Lo et al., these approaches assume the existence of some pre-labelled examples.","[93] Y. Tian, J. Lawall, and D. Lo. Identifying linux bug fixing patches. ICSE, 2012.",
better_data_labelling_with_emblem_and_ho,"50% crowdworker cull rate (Chen, Stolee & Menzies)","50% crowdworker cull rate (Chen, Stolee & Menzies)",numericfact,True,False,supports,False,medium,"2.2 (cost model, footnote 2)","(d) a 50% ""cull rate"" of crowd workers ... Such a 50% ""cull rate"" is common practice in crowdsourcincg [19]","[19] D. Chen, K. T. Stolee, and T. Menzies. Replication can improve prior results: A github study of pull request acceptance. In ICPC, 2019.",
better_data_labelling_with_emblem_and_ho,Ad hoc keyword usage critique (Vasilescu et al.),Ad hoc keyword usage critique (Vasilescu et al.),sanitycheck,False,False,supports,False,medium,1 Introduction,"Vasilescu et al. [97], [98] notes that these keywords are used in somewhat ad hoc manner (researchers peek at a few results, then tinker with regular expressions","[98] B. Vasilescu, Y. Yu, H. Wang, P. Devanbu, V. Filkov. Quality and productivity outcomes relating to continuous integration in github. FSE 2015",
better_data_labelling_with_emblem_and_ho,Practitioner survey on analytics adoption (Lo et al.),Practitioner survey: >90% willing to adopt defect prediction (Wan et al.),numericfact,False,False,supports,False,medium,2.3 Why Study Defect Prediction?,"In a survey of 395 practitioners from 33 countries and five continents, Wan et al. [104] found that over 90% of the respondents were willing to adopt defect prediction","[104] Z. Wan, X. Xia, A. E. Hassan, D. Lo, J. Yin, and X. Yang. Perceptions, expectations, & challenges in defect prediction. TSE, 2018.",
better_data_labelling_with_emblem_and_ho,Static bug finders vs statistical models (Rahman et al.),Static bug finders vs statistical prediction equivalence (Rahman et al.),numericfact,False,False,supports,False,low,2.3 Why Study Defect Prediction?,"Rahman et al. [82] compared (a) static code analysis tools FindBugs, Jlint, and PMD with (b) defect predictors ... No significant differences in cost-effectiveness were observed.","[82] F. Rahman, S. Khatri, E. T Barr, and P. Devanbu. Comparing static bug finders and statistical prediction. In ICSE. ACM, 2014.",
better_data_labelling_with_emblem_and_ho,Process metrics matter (Rahman & Devanbu),Process metrics matter (Rahman & Devanbu),sanitycheck,False,False,supports,False,low,4.1 Data,Herslab [94] and Devanbu [81] argue convincingly that it is important to collect information about (a) the humans changing the code as (b) the code itself.,"[81] F. Rahman and P. Devanbu. How, and why, process metrics are better. In ICSE, 2013.",
improving_vulnerability_inspection_effic,FASTREAD / FAST2 active learning (Yu & Menzies),"FAST2 active-learning framework, SEMI estimator (Yu & Menzies)",methodology,True,True,supports,False,high,3.3.7 Recall Estimation,"In our prior work [13], a semi-supervised estimator called SEMI is designed for estimating current recall.","[13] Z. Yu and T. Menzies, ""Fast2: An intelligent assistant for finding relevant papers,"" Expert Systems with Applications, vol. 120, pp. 57-71, 2019.",
improving_vulnerability_inspection_effic,FASTREAD / FAST2 active learning (Yu & Menzies),"DISAGREE error-correction assumption (Yu & Menzies, FAST2)",methodology,True,True,supports,False,high,3.3.5 Error Prediction,"it cannot be directly applied to vulnerability prediction. As a result, we adopt the same assumption and designed DISPUTE, which focuses on correcting false negatives only.","[13] Z. Yu and T. Menzies, ""Fast2: An intelligent assistant for finding relevant papers,"" Expert Systems with Applications, vol. 120, pp. 57-71, 2019.",
improving_vulnerability_inspection_effic,Yu et al. SLR corpora / FASTREAD,"FASTREAD active learner / text featurization / N1,N2,N3 settings (Yu, Kraft, Menzies)",methodology,True,True,supports,False,high,3.3.1 Feature Extraction; 4.3,"according to our prior work in retrieving relevant papers [42], [13], we use M = 4000.","[42] Z. Yu, N. A. Kraft, and T. Menzies, ""Finding better active learners for faster literature reviews,"" Empirical Software Engineering, Mar 2018.",https://doi.org/10.1007/s10664-017-9587-0
improving_vulnerability_inspection_effic,"Mozilla Firefox vulnerability dataset (28,750 files, 271 vulnerable; built from Mozilla Security Advisories + Bugzilla)","Mozilla Firefox vulnerability dataset (28,750 files, 271 vulnerable; built from Mozilla Security Advisories + Bugzilla)",dataset,True,True,neutral,False,high,4.1 Dependent Variables,"These ground truth vulnerabilities were manually collected from Mozilla Foundation Security Advisories blog [14] and bug reports from Bugzilla up to November 21st, 2017.",[14] (2017) Mozilla foundation security advisories. [Online]. Available: https://www.mozilla.org/en-US/security/advisories/,https://www.mozilla.org/en-US/security/advisories/
improving_vulnerability_inspection_effic,"Mozilla Crash Reports (crash dump stack traces, Jan-Nov 2017)","Mozilla Crash Reports (crash dump stack traces, Jan-Nov 2017)",dataset,False,True,neutral,False,high,4.2.3 Crash Features,"Crash dump stack trace data was collected from Mozilla Crash Reports. We collected crashes from January 2017 to November 2017, with a total of 1,141,519 crashes collected.",footnote 13: https://crash-stats.mozilla.com/home/product/Firefox,https://crash-stats.mozilla.com/home/product/Firefox
improving_vulnerability_inspection_effic,CWE weakness classification scheme (MITRE),CWE weakness classification scheme (MITRE),methodology,False,True,neutral,False,medium,4.1 Dependent Variables,two humans then classify each vulnerability using an existing vulnerability classification scheme—the Common Weakness Enumeration (CWE) set of most commonly seen weaknesses in software,footnote 11: http://cwe.mitre.org/data/definitions/1003.html,http://cwe.mitre.org/data/definitions/1003.html
improving_vulnerability_inspection_effic,SciTools Understand (static metrics tool),SciTools Understand (static metrics tool),software,False,True,neutral,False,high,4.2.1 Software Metrics,SciTools' Understand was used to measure the metrics from the Mozilla Firefox source code files.,footnote 12: http://www.scitools.com,http://www.scitools.com
improving_vulnerability_inspection_effic,Shin et al. complexity/churn/developer metrics for vulnerability prediction,Shin et al. complexity/churn/developer metrics for vulnerability prediction,methodology,True,True,refutes,False,high,3.3.1; 4.2.1; 5.2.2 (metrics perform worst),"Software metrics: followed by the work of Shin et al. [16], SciTools' Understand is used to measure the static features of software.","[16] Y. Shin, A. Meneely, L. Williams, and J. A. Osborne, ""Evaluating complexity, code churn, and developer activity metrics as indicators of software vulnerabilities,"" IEEE TSE, vol. 37, no. 6, 2011.",
improving_vulnerability_inspection_effic,Theisen et al. crash-stack-trace attack surface approximation (crash features),Theisen et al. crash-stack-trace attack surface approximation (crash features),methodology,True,True,supports,False,high,3.3.1; 3.3.2 Initial Sampling,"Crash features: followed by the work of Theisen et al. [8], the crash features measure the number of time each source code file has crashed.","[8] C. Theisen, K. Herzig, P. Morrison, B. Murphy, and L. Williams, ""Approximating attack surfaces with stack traces,"" ICSE 2015, pp. 199-208.",
improving_vulnerability_inspection_effic,Theisen et al. crash-ranking unsupervised approach ('Crash' treatment),Theisen et al. crash-ranking unsupervised approach ('Crash' treatment),steppingstone,True,True,refutes,False,high,5.2.1 Simulation Design; Table 3/4,Crash: an unsupervised approach where no model is trained and source code files are selected in descending order of the number of times they crashed [28],"[28] C. Theisen, R. Krishna, and L. Williams, ""Strengthening the evidence that attack surfaces can be approximated with stack traces,"" NCSU TR2015-10, 2015.",
improving_vulnerability_inspection_effic,Theisen et al. Firefox crash-history measurement (15.8% crashed files hold 73.6% vulns),Theisen et al. Firefox crash-history measurement (15.8% crashed files hold 73.6% vulns),numericfact,True,False,supports,False,medium,2.1.3 Unsupervised Methods,"15.8% of the ""crashed"" source code files in Mozilla Firefox contain 73.6% of known vulnerabilities [29].","[29] C. Theisen, K. Herzig, B. Murphy, and L. Williams, ""Risk-based attack surface approximation: how much data is enough?"" ICSE-SEIP 2017, pp. 273-282.",
improving_vulnerability_inspection_effic,Hatton code-inspection error rate (47% false negatives),Hatton code-inspection error rate (47% false negatives),numericfact,False,False,supports,False,high,5.4.1 Simulation Design; RQ3,"Hatton [11]'s report suggested that each ""vulnerable"" file has in average 47% chance of being mislabeled as ""non-vulnerable"" ... Following this report, we simulate","[11] L. Hatton, ""Testing the value of checklists in code inspections,"" IEEE Software, vol. 25, no. 4, 2008.",
improving_vulnerability_inspection_effic,Two-person inspection (Hatton) as error-correction baseline,Two-person inspection (Hatton) as error-correction baseline,steppingstone,False,True,refutes,False,high,5.4.1; Table 6,"Two-persons [11] check each label. In Step 3, if one file is labeled as ""non-vulnerable"" and has been reviewed by only one reviewer, it goes back into the queue","[11] L. Hatton, ""Testing the value of checklists in code inspections,"" IEEE Software, vol. 25, no. 4, 2008.",
improving_vulnerability_inspection_effic,Cormack & Grossman TAR methods,Cormack'17 error correction for TAR (Cormack & Grossman),steppingstone,False,True,refutes,False,high,5.4.1; 5.4.2 RQ4,Cormack'17 [31]: This is an advanced error correction method for citation screening. We reproduce half of Cormack'17 to correct false negatives only,"[31] G. V. Cormack and M. R. Grossman, ""Navigating imprecision in relevance assessments on the road to total recall: Roger and me,"" SIGIR 2017, pp. 5-14.",
improving_vulnerability_inspection_effic,Cormack & Grossman TAR methods,Knee/inflection-point stopping rule (Cormack & Grossman),methodology,False,True,neutral,False,high,5.4.1 (inside Cormack'17 treatment),"If slope<i/slope>i is greater than a specific threshold rho = 6, the review should be stopped. For details about this stopping rule, please refer to Cormack and Grossman [32].","[32] G. V. Cormack and M. R. Grossman, ""Engineering quality and reliability in technology-assisted review,"" pp. 75-84, 2016.",
improving_vulnerability_inspection_effic,Cormack & Grossman TAR methods,Presumptive non-relevant examples (Cormack & Grossman),methodology,False,True,supports,False,high,3.3.4 Train Model,Presumptive non-relevant examples is a technique created by Cormack and Grossman [34] to alleviate the sampling bias of negative (non-vulnerable) training data.,"[34] G. V. Cormack and M. R. Grossman, ""Autonomy and reliability of continuous active learning for technology-assisted review,"" arXiv:1504.06868, 2015.",arXiv:1504.06868
improving_vulnerability_inspection_effic,Cormack & Grossman TAR methods,Certainty sampling / continuous active learning protocol (Cormack & Grossman),methodology,False,True,supports,False,medium,3.3.8 Query Strategy,"Cormack et al. [35], [43] use certainty sampling from beginning to end. Followed by our previous design for literature review [13], HARMLESS applies uncertainty sampling early on and certainty sampling afterward.","[35] G. V. Cormack and M. R. Grossman, ""Evaluation of machine-learning protocols for technology-assisted review in electronic discovery,"" SIGIR 2014, pp. 153-162.",
improving_vulnerability_inspection_effic,Aggressive undersampling and uncertainty sampling (Wallace et al. patient active learning),Aggressive undersampling and uncertainty sampling (Wallace et al. patient active learning),methodology,False,True,supports,False,high,3.3.4 Train Model,"Aggressive undersampling is a data balancing technique first created by Wallace et al. [37]. During the training process, aggressive undersampling throws away majority","[37] B. C. Wallace, T. A. Trikalinos, J. Lau, C. Brodley, and C. H. Schmid, ""Semi-automated screening of biomedical citations for systematic reviews,"" BMC Bioinformatics, vol. 11, 2010.",
improving_vulnerability_inspection_effic,Uniform random sampling recall estimator (Wallace et al.),Uniform random sampling recall estimator (Wallace et al.),steppingstone,False,True,refutes,False,high,5.3.1; Fig. 4,Uniform random sampling is applied as a baseline estimation. ... It was believed to be the most accurate estimation method before the introduction of SEMI [41].,"[41] B. C. Wallace, I. J. Dahabreh, K. H. Moran, C. E. Brodley, and T. A. Trikalinos, ""Active literature discovery for scoping evidence reviews: How many needles are there,"" KDD-DMH 2013.",
improving_vulnerability_inspection_effic,SVM,Class-balanced SVM weighting and certainty sampling (Miwa et al.),methodology,False,True,supports,False,high,3.3.4 Train Model,"penalty is set to be ""balanced"" (balancing the penalty of misclassifying a training data point by the population of its class ...) as suggested by Miwa et al. [43].","[43] M. Miwa, J. Thomas, A. O'Mara-Eves, and S. Ananiadou, ""Reducing systematic review workload through certainty-based screening,"" J. Biomedical Informatics, vol. 51, pp. 242-253, 2014.",
improving_vulnerability_inspection_effic,scikit-learn,scikit-learn SVC (soft-margin linear SVM),software,False,True,neutral,False,high,3.3.4 Train Model,"The soft-margin linear SVM is implemented with the SVC package from scikit-learn. Default parameters are applied while kernel is set to be ""linear""",footnote 8: https://scikit-learn.org/stable/modules/generated/sklearn.svm.SVC.html,https://scikit-learn.org/stable/modules/generated/sklearn.svm.SVC.html
improving_vulnerability_inspection_effic,SVM,QN-S3VM semi-supervised SVM package (Gieseke et al.),software,False,True,refutes,False,high,"3.3.4; 5.2 (S3VM treatment, 'semi-supervised learners are not recommended')","we test the S3VM learner implemented with the package from Gieseke et al. [49], [25].","[49] F. Gieseke, A. Airola, T. Pahikkala, and O. Kramer, ""Sparse quasi-newton optimization for semi-supervised support vector machines,"" ICPRAM 2012, pp. 45-54. (also [25])",http://www.fabiangieseke.de/index.php/code/qns3vm
improving_vulnerability_inspection_effic,Cormack & Grossman TAR methods,"Total recall problem definition (TREC Total Recall track, Grossman & Cormack)",methodology,False,False,supports,False,high,3.1 Total Recall,"The target of total recall is to optimize the cost for achieving very high recall (ideally, very close to 100%) with a human assessor in the loop [12].","[12] M. R. Grossman, G. V. Cormack, and A. Roegiest, ""Trec 2016 total recall track overview,"" in TREC, 2016.",
improving_vulnerability_inspection_effic,Walden et al. cross-project / text-vs-metrics vulnerability prediction results,Walden et al. cross-project / text-vs-metrics vulnerability prediction results,numericfact,False,False,supports,False,medium,2.1.1; footnote 1; 5.2 ('we show the same trend'),"cross-project prediction performances were generally poor—49%, 36% of the source code files need to be reviewed for finding 66%, 70% of the vulnerabilities","[10] J. Walden, J. Stuckman, and R. Scandariato, ""Predicting vulnerable components: Software metrics vs text mining,"" ISSRE 2014, pp. 23-33.",
improving_vulnerability_inspection_effic,Scandariato et al. text-mining vulnerability prediction,Scandariato et al. text-mining vulnerability prediction,sanitycheck,False,False,neutral,False,medium,3.3.1 Feature Extraction,"different from the work of Scandariato et al. [5], where labels (vulnerable or non-vulnerable) are required to select tokens, we apply the same text mining feature extraction as the total recall approaches","[5] R. Scandariato, J. Walden, A. Hovsepyan, and W. Joosen, ""Predicting vulnerable software components via text mining,"" IEEE TSE, vol. 40, no. 10, pp. 993-1006, 2014.",
improving_vulnerability_inspection_effic,Meng et al. semi-supervised (label propagation) buffer-overflow prediction,Meng et al. semi-supervised (label propagation) buffer-overflow prediction,sanitycheck,False,False,neutral,False,low,3.3.4; Table 7,"S3VM trains faster than other semi-supervised learners, e.g. label propagation as Meng et al. [26] suggested.","[26] Q. Meng, S. Wen, C. Feng, and C. Tang, ""Predicting buffer overflow using semi-supervised learning,"" CISP-BMEI 2016, pp. 1959-1963.",
improving_vulnerability_inspection_effic,Config-tuning and analytics data (Fu; Jamshidi; Guo; Ha; Weber; Krishna),Krishna et al. BigSE industrial text mining (SVM useful in SE text mining),sanitycheck,True,False,supports,False,medium,3.3.4 Train Model,Soft-margin linear SVM [46] is selected as the classifier because it has been proved to be a useful model in SE text mining [47],"[47] R. Krishna, Z. Yu, A. Agrawal, M. Dominguez, and D. Wolf, ""The bigse project: lessons learned from validating industrial text mining,"" BIGDSE 2016, pp. 65-71.",
improving_vulnerability_inspection_effic,Zelkowitz & Rus NASA Shuttle IV&V (mission-critical inspection effort),Zelkowitz & Rus NASA Shuttle IV&V (mission-critical inspection effort),sanitycheck,False,False,supports,False,low,1 (RQ1); 5.4.2,it is much better than the traditional vulnerability inspection applied in mission-critical projects without HARMLESS [15],"[15] M. V. Zelkowitz and I. Rus, ""Understanding iv & v in a safety critical and complex evolutionary environment: the nasa space shuttle program,"" ICSE 2001, pp. 349-357.",
improving_vulnerability_inspection_effic,Threats-to-validity framework (Feldt & Magazinius),Feldt & Magazinius validity-threat categories,methodology,False,False,neutral,False,low,6.2 Threats to Validity,There are several validity threats [50] to the design of this study.,"[50] R. Feldt and A. Magazinius, ""Validity threats in empirical software engineering research-an initial survey,"" SEKE 2010, pp. 374-379.",
the_five_laws_of_se_for_ai,Hidden technical debt in ML (Sculley et al.),Hidden technical debt in ML systems (Sculley et al.) - Google LOC diagram,numericfact,False,False,supports,False,high,Rule 1: AI Software Mostly Isn't About AI (Figure 3),"David Sculley offered Figure 3, which represents the size (in lines of code) of Google's software suite. Note how small the AI box is","7. D. Sculley et al., ""Hidden technical debt in machine learning systems,"" in Proc. 28th Int. Conf. Neural Information Processing Systems, vol. 2, pp. 2503-2511.",http://dl.acm.org/citation.cfm?id=2969442.2969519
the_five_laws_of_se_for_ai,Hidden technical debt in ML (Sculley et al.),Hidden technical debt in ML systems (Sculley et al.) - data-dictionary coupling anecdote,sanitycheck,False,False,supports,False,high,Rule 3: Poor SE Leads to Poor AI,Sculley's 2015 talk offers us an example. He reported that Google's machine-learning developers used all of the attributes in the company's data dictionaries,"7. D. Sculley et al., ""Hidden technical debt in machine learning systems,"" in Proc. 28th Int. Conf. Neural Information Processing Systems, vol. 2, pp. 2503-2511.",http://dl.acm.org/citation.cfm?id=2969442.2969519
the_five_laws_of_se_for_ai,Microsoft nine-step ML pipeline (Amershi et al.),Microsoft nine-step ML pipeline (Amershi et al.),methodology,False,False,supports,False,high,Rule 1 (Figure 4),"Saleema Amershi and her colleagues at Microsoft describe their industrial-AI work as a nine-step pipeline. In it, step 6 (model training) might be called core AI","8. S. Amershi et al., ""Software engineering for machine learning: A case study,"" in Proc. 41st Int. Conf. Software Engineering: SEIP '19, pp. 291-300.",10.1109/ICSE-SEIP.2019.00042
the_five_laws_of_se_for_ai,Microsoft engineers ~10% time on core AI (Amershi et al.),Microsoft engineers ~10% time on core AI (Amershi et al.),numericfact,False,False,supports,False,high,Rule 1,"according to Amershi, industrial-AI engineers at Microsoft spend only approximately 10% of their time working on core AI components","8. S. Amershi et al., ""Software engineering for machine learning: A case study,"" in Proc. 41st Int. Conf. Software Engineering: SEIP '19, pp. 291-300.",10.1109/ICSE-SEIP.2019.00042
the_five_laws_of_se_for_ai,Red Hat Kubernetes ML pipeline / role overlap (Benton),Red Hat Kubernetes ML pipeline / role overlap (Benton),methodology,False,False,supports,False,medium,Rule 2 (Figure 5),"Red Hat engineer Bill Benton reports that when we look at these data-mining pipelines, there is much overlap between the activities of data scientists and people in more traditional roles","9. W. Benton, ""Machine learning and discovery with Kubernetes,"" in Proc. Software Engineering Machine Learning Int. Symp., 2019.",
the_five_laws_of_se_for_ai,scikit-learn,scikit-learn (Pedregosa et al.),software,False,False,supports,True,medium,Rule 4: Better SE Leads to Better AI,50 authors have pushed 119 commits to master ... 279 files. All of this is possible because scikit-learn uses state-of-the-art open source SE methods,"10. F. Pedregosa et al., ""Scikit-learn: Machine learning in Python,"" J. Mach. Learn. Res., vol. 12, pp. 2825-2830, Oct. 2011.",
the_five_laws_of_se_for_ai,"Open-closed principle in ML frameworks (Braiek, Khomh, Adams)","Open-closed principle in ML frameworks (Braiek, Khomh, Adams)",sanitycheck,False,False,supports,False,high,Rule 4,"Their analysis is a nuanced discussion of what can go right and wrong when modern SE is applied to machine-learning tools. That said, their paper agrees","11. H. B. Braiek, F. Khomh, and B. Adams, ""The open-closed principle of modern machine learning frameworks,"" in Proc. 2018 IEEE/ACM 15th MSR, pp. 353-363.",
the_five_laws_of_se_for_ai,"Software-specific NL techniques / word frequency != importance (Binkley, Lawrie, Morrell)","Software-specific NL techniques / word frequency != importance (Binkley, Lawrie, Morrell)",sanitycheck,False,False,supports,False,high,Rule 5: SE Needs Special Kinds of AI,Dave Binkley and others note that text-mining methods for understanding software code often mistakenly equate word frequency with word importance,"12. D. Binkley, D. Lawrie, and C. Morrell, ""The need for software specific natural language techniques,"" Empir. Softw. Eng., vol. 23, no. 4, pp. 2398-2425, Aug. 2018.",
the_five_laws_of_se_for_ai,Defect-predictor tuning (Tantithamthavorn et al.),Automated parameter optimization for defect prediction (Tantithamthavorn et al.),numericfact,False,False,supports,False,medium,Rule 5,"such automatic tools can adjust the control parameters of, say, a data miner to greatly improve its predictive performance.13, 14","13. C. Tantithamthavorn, S. McIntosh, A. Hassan, and K. Matsumoto, ""Automated parameter optimization of classification techniques for defect prediction model,"" ICSE 2016.",10.1145/2884781.2884857
the_five_laws_of_se_for_ai,"Is AI different for SE? (Agrawal & Menzies, NCSU TR-2019-4)","Is AI different for SE? (Agrawal & Menzies, NCSU TR-2019-4)",numericfact,True,False,supports,False,medium,Rule 5,"such automatic tools can adjust the control parameters of, say, a data miner to greatly improve its predictive performance.13, 14","14. A. Agrawal and T. Menzies, ""Is AI different for SE?"" NC State Univ., Aug. 26, 2019. [Online].",https://repository.lib.ncsu.edu/bitstream/handle/1840.20/36964/TR-2019-4.pdf?sequence=1&isAllowed=y
the_five_laws_of_se_for_ai,"SE-specific sentiment analysis benchmark (Novielli, Girardi, Lanubile)","SE-specific sentiment analysis benchmark (Novielli, Girardi, Lanubile)",numericfact,False,False,supports,False,high,Rule 5,"After retraining those tools on an SE corpus, they found better performance at predicting sentiment and more agreement between different sentiment tools.","15. N. Novielli, D. Girardi, and F. Lanubile, ""Benchmark study on sentiment analysis for software engineering research,"" in Proc. 2018 IEEE/ACM 15th MSR.",10.1145/3196398.3196403
the_five_laws_of_se_for_ai,"Naturalness of buggy code / n-gram language models (Ray, Hellendoorn, ... Devanbu)","Naturalness of buggy code / n-gram language models (Ray, Hellendoorn, ... Devanbu)",methodology,False,False,supports,False,medium,Rule 5,"the ""naturalness"" work of Prem Devanbu and his colleagues. Software has the property that some terms are used very often, and everything else is used with exponentially less frequency.","16. B. Ray, V. Hellendoorn, S. Godhane, Z. Tu, A. Bacchelli, and P. Devanbu, ""On the 'naturalness' of buggy code,"" in Proc. 38th ICSE, 2016, pp. 428-439.",
characterizing_crowds_to_better_optimize,ExReDiv (Cui et al.),ExReDiv (Cui et al.),steppingstone,True,True,refutes,False,high,5.4 Ground Truth and Baselines; 6.1,ExReDiv [5]: This is a weight-based crowd worker recommendation approach. It linearly combines experience strategy ... relevance strategy ... and diversity strategy,"[5] Q. Cui, J. Wang, G. Yang, M. Xie, Q. Wang, M. Li, ""Who should be selected to perform a task in crowdsourced testing?"" COMPSAC'17, pp. 75-84.",
characterizing_crowds_to_better_optimize,MOOSE (Cui et al.),MOOSE (Cui et al.),steppingstone,True,True,refutes,False,high,5.4 Ground Truth and Baselines; 6.1,"MOOSE [6]: This is a multi-objective crowd worker recommendation, which can maximize the coverage of test requirement, maximize the test experience of the selected crowd workers, and minimize the cost.","[6] Q. Cui, S. Wang, J. Wang, Y. Hu, Q. Wang, M. Li, ""Multiobjective crowd worker selection in crowdsourced testing,"" SEKE'17, pp. 218-223.",
characterizing_crowds_to_better_optimize,Cocoon (Xie et al.),Cocoon (Xie et al.),steppingstone,True,True,refutes,False,high,5.4 Ground Truth and Baselines; 6.1,Cocoon [7]: This crowd worker recommendation approach is based on maximizing the testing quality under the test context coverage constraint.,"[7] M. Xie, Q. Wang, G. Yang, M. Li, ""Cocoon: Crowdsourced testing quality maximization under context coverage constraint,"" ISSRE'17, pp. 316-327.",
characterizing_crowds_to_better_optimize,STRING test case prioritization (Ledru et al.),STRING test case prioritization (Ledru et al.),steppingstone,False,True,refutes,False,high,5.4 Ground Truth and Baselines; 7.4 Threats,"Since the original implementation of STRING baseline and TOPIC baseline are not released, we have reimplemented our own version.","[41] Y. Ledru, A. Petrenko, S. Boroday, N. Mandran, ""Prioritizing test cases with string distances,"" Automated Software Engineering, 19(1), pp. 65-95, 2012.",
characterizing_crowds_to_better_optimize,TOPIC test case prioritization (Thomas et al.),TOPIC test case prioritization (Thomas et al.),steppingstone,False,True,refutes,False,high,5.4; 6.1; 7.4,"the two baseline methods which are originally designed for test case selection (i.e., STRING and TOPIC) perform bad for crowd worker recommendation.","[42] S. W. Thomas, H. Hemmati, A. E. Hassan, D. Blostein, ""Static test case prioritization using topic models,"" Empirical Software Engineering, 19(1), pp. 182-212, 2014.",
characterizing_crowds_to_better_optimize,NSGA-II (Deb et al.),NSGA-II (Deb et al.),software,False,True,supports,False,high,4.3 Multi-Objective Optimization Framework,"MOCOM uses NSGA-II algorithm (i.e., Non-dominated Sorting Genetic Algorithm-II) to optimize the aforementioned four objectives.","[55] K. Deb, S. Agrawal, A. Pratap, T. Meyarivan, ""A fast elitist non-dominated sorting genetic algorithm for multi-objective optimization: Nsga-II,"" PPSN, Springer, 2000, pp. 849-858.",
characterizing_crowds_to_better_optimize,Bug Detection Rate at k (BDR@k) metric (Cui/Xie et al.),Bug Detection Rate at k (BDR@k) metric (Cui/Xie et al.),methodology,True,True,supports,False,high,5.3 Evaluation Metrics,"Following previous studies [5]-[7], we use the commonly-used bug detection rate for the evaluation.",[5]-[7] Cui et al. COMPSAC'17; Cui et al. SEKE'17; Xie et al. ISSRE'17.,
characterizing_crowds_to_better_optimize,Longitudinal (chronological fold) data setup (Bhattacharya & Neamtiu; Tamrawi et al.),Longitudinal (chronological fold) data setup (Bhattacharya & Neamtiu; Tamrawi et al.),methodology,False,True,supports,False,high,5.2 Experimental Setup,"To simulate the usage of MOCOM in practice, we employ a commonly-used longitudinal data setup [14], [16].","[14] P. Bhattacharya, I. Neamtiu, ""Fine-grained incremental learning and multi-feature tossing graphs to improve bug triaging,"" ICSM'10; [16] Tamrawi et al. FSE'11.",
characterizing_crowds_to_better_optimize,"HV, IGD, GS quality indicators (Wang, Ali, Yue et al.)","HV, IGD, GS quality indicators (Wang, Ali, Yue et al.)",methodology,False,True,supports,False,high,5.3 Evaluation Metrics; 6.4 RQ4,"Three commonly-used quality indicators, i.e., HyperVolume (HV), Inverted Generational Distance (IGD), and Generalized Spread (GS) [24], are applied.","[24] S. Wang, S. Ali, T. Yue, Y. Li, M. Liaaen, ""A practical guide to select quality indicators for assessing pareto-based search algorithms in SBSE,"" ICSE'16, pp. 631-642.",
characterizing_crowds_to_better_optimize,"Binary solution encoding and standard genetic operators (Wang, Ali, Yue et al.)","Binary solution encoding and standard genetic operators (Wang, Ali, Yue et al.)",methodology,False,True,supports,False,medium,4.3 Multi-Objective Optimization Framework,"For the evolution of binary encoding for the solutions, we exploit standard operators as described in [24]. We use single point crossover, bitflip mutation","[24] S. Wang, S. Ali, T. Yue, Y. Li, M. Liaaen, ICSE'16, pp. 631-642.",
characterizing_crowds_to_better_optimize,"GA parameter settings: population 200, 20,000 evaluations (Holland)","GA parameter settings: population 200, 20,000 evaluations (Holland)",methodology,False,True,supports,False,medium,5.2 Experimental Setup; 4.3,"We configured NSGA-II with the setting of initial population = 200, maximum fitness evaluation (i.e., number of runs) = 20,000 as recommended by [56].","[56] J. H. Holland, Genetic algorithms. Scientific American, 1992.",
characterizing_crowds_to_better_optimize,Wilcoxon / Mann-Whitney test,Mann-Whitney U test (Witten & Frank),statmethod,False,True,supports,False,medium,5.3 Evaluation Metrics; 6.1; 6.3,we use the Mann-Whitney U statistical test [52] to determine if the difference between the BDR@k is statistically significant.,"[52] I. H. Witten, E. Frank, Data Mining: Practical machine learning tools and techniques. Morgan Kaufmann, 2005.",
characterizing_crowds_to_better_optimize,Precision/Recall/F-measure and Information Gain feature ranking (Witten & Frank),Precision/Recall/F-measure and Information Gain feature ranking (Witten & Frank),methodology,False,True,supports,False,medium,6.2 RQ2,"We use the three most commonly-used metrics (i.e., Precision, Recall, and F-Measure) [52] ... We first obtain the Information Gain [52] for each feature","[52] I. H. Witten, E. Frank, Data Mining: Practical machine learning tools and techniques. Morgan Kaufmann, 2005.",
characterizing_crowds_to_better_optimize,Recent-activity-predicts-future-behavior finding (Zhou & Mockus),Recent-activity-predicts-future-behavior finding (Zhou & Mockus),methodology,False,False,supports,False,medium,4.2.1 Objective 1; 3.1,"previous work demonstrated the open source developer's recent activity has greater indicative effect on his future behavior than the activity happened long before [38], [39]. Therefore, we further take the timerelated factors","[38] M. Zhou, A. Mockus, ""What make long term contributors: Willingness and opportunity in oss community,"" ICSE'12; [39] Zhou & Mockus, TSE 41(1), 2015.",
characterizing_crowds_to_better_optimize,Learned bug-revealing probability as selection criterion (Chen et al. ICSE'17),Learned bug-revealing probability as selection criterion (Chen et al. ICSE'17),methodology,False,False,supports,False,medium,4.2 Measurement of Four Objectives; 3.3,"First, we should recommend the crowd workers with maximized bug detection probability [44], since they can potentially improve the bug detection performance.","[44] J. Chen, Y. Bai, D. Hao, Y. Xiong, H. Zhang, B. Xie, ""Learning to prioritize test programs for compiler testing,"" ICSE'17, pp. 700-711.",
characterizing_crowds_to_better_optimize,Baidu CrowdTest data and crowdsourced testing prior work,Paid-by-participation cost model (softwaretestinghelp crowdsourced-testing page),methodology,False,True,supports,False,low,4.2.4 Objective 4: Minimize Test Cost,"We suppose all the workers who participate in a test task are equally paid, which is a common practice in real-world crowdsourced testing platforms [3].",[3] http://www.softwaretestinghelp.com/crowdsourced-testing-companies/.,http://www.softwaretestinghelp.com/crowdsourced-testing-companies/
characterizing_crowds_to_better_optimize,Cold-start problem / recall limits in recommender systems (Ricci et al.),Cold-start problem / recall limits in recommender systems (Ricci et al.),methodology,False,False,supports,False,low,7.1 Further Exploration of Results,"This is the cold-start problem in recommendation [58], which has not been well solved.","[58] F. Ricci, L. Rokach, B. Shapira, P. B. Kantor, Recommender systems handbook. Springer, 2015.",
characterizing_crowds_to_better_optimize,Brooks's law / Mythical Man-Month,Brooks: testing consumes half of project resources,numericfact,False,False,supports,False,high,1 Introduction,"According to Brooks [1], testing a software system consumes half of the resources of any software projects.","[1] F. Brooks, Jr., The Mythical Man-Month: Essays on Software Engineering. Addison-Wesley, 1995.",
characterizing_crowds_to_better_optimize,NSGA-II (Deb et al.),Harman et al. SBSE survey: >65% of techniques use GA or NSGA-II,numericfact,False,False,supports,False,high,4.3 Multi-Objective Optimization Framework,"According to [54], more than 65% optimization techniques in software analysis are based on Genetic Algorithm (for problems with single objective), or NSGA-II","[54] M. Harman, S. A. Mansouri, Y. Zhang, ""Search-based software engineering: Trends, techniques and applications,"" ACM Computing Surveys 45(1), p. 11, 2012.",
characterizing_crowds_to_better_optimize,Epitropakis et al. Pareto-efficient regression TCP quality-indicator results,Epitropakis et al. Pareto-efficient regression TCP quality-indicator results,numericfact,False,False,supports,False,medium,6.4 RQ4 Quality of Optimization,"Existing researches on test case selection and worker selection achieve similar results [6], [57]. This further suggests that the results of MOCOM have high quality.","[57] M. G. Epitropakis, S. Yoo, M. Harman, E. K. Burke, ""Empirical evaluation of pareto efficient multi-objective regression test case prioritisation,"" ISSTA 2015, pp. 234-245.",
characterizing_crowds_to_better_optimize,Cosine similarity effectiveness on high-dimensional text (Wang et al. ESEM'16),Cosine similarity effectiveness on high-dimensional text (Wang et al. ESEM'16),sanitycheck,True,False,supports,False,medium,4.2.2 Objective 2,"The reason why we use cosine similarity is that past researches have demonstrated its effectiveness in high-dimensional textual data [13], [34], [53], which is exactly our case.","[34] J. Wang, Q. Cui, Q. Wang, S. Wang, ""Towards effectively test report classification to assist crowdsourced testing,"" ESEM'16, p. 6.",
characterizing_crowds_to_better_optimize,Logistic regression,"Logistic regression effectiveness in SE classification (DARS, Wang et al.)",sanitycheck,True,False,supports,False,medium,4.2.1 Objective 1,"We employ Logistic Regression as our machine learning model, which is widely reported as effective in many different classfication tasks in software engineering [36], [52].","[36] J. Wang, Q. Cui, S. Wang, Q. Wang, ""Domain adaptation for test report classification in crowdsourced testing,"" ICSE-SEIP'17, pp. 83-92.",
characterizing_crowds_to_better_optimize,Diversity importance in test selection (Ledru et al. ASE'09 and related),Diversity importance in test selection (Ledru et al. ASE'09 and related),sanitycheck,False,False,supports,False,medium,4.2 Measurement of Four Objectives; 6.3,"Third, we should select a set of crowd workers with diverse characteristics [40]-[43], because different workers might explore different areas of the application","[40] Y. Ledru, A. Petrenko, S. Boroday, ""Using string distances for test case prioritisation,"" ASE'09, pp. 510-514.",
characterizing_crowds_to_better_optimize,"Elbaum et al.: goal is most bugs for least resources, not all bugs","Elbaum et al.: goal is most bugs for least resources, not all bugs",sanitycheck,False,False,supports,False,medium,7.2 Benefits of MOCOM,"the goal is often not ""find all bugs"" but ""find as many bugs using least resources as possible"" (which, in our case, is the number of crowd workers) [59].","[59] S. Elbaum, G. Rothermel, J. Penix, ""Techniques for improving regression testing in continuous integration development environments,"" FSE 2014, pp. 235-245.",
